date	미국성장주	미국가치주	미국배당주	미국리츠	미국주식모멘텀	유럽주식	일본주식	중국주식	신흥국주식	원자재	금	하이일드채권	신흥국채권	미국회사채	미국채권	한국주식
2000-12-29	12.1456046061384	15.4151896546429	9.52284473005623	0.605646009162483	12.563095	31.951887	10.1174	1.286421	2.46138363387746	3.93052836612253	50.25238	3.71188423890564	3.48708259630024	15.3541626290007	77.4468705357934	0.465927
2001-01-31	12.1857483472481	16.0887051265032	9.23424203912991	0.597199487118771	12.701965	31.237431	9.73974	1.327449	3.10471806859156	3.78280193140844	50.80786	3.92703427482039	3.50166536376	15.8107910061973	76.7605093552223	0.578589
2001-02-28	11.1113983758476	16.4171555586383	9.67727697658205	0.659419088932003	12.62175	31.009793	10.1319	1.385755	2.85266833602784	4.13288366397216	50.487	3.92461314981028	3.45600039506558	16.0512529321612	76.5681335229629	0.583862
2001-03-30	13.1350233860672	14.2465242747761	10.0177172062485	0.640105132908232	12.67979	30.771206	10.4936	1.305169	2.29736032617704	4.41350467382295	50.71916	3.81288048799748	3.38883315615753	16.1080012410813	76.6902851147637	0.535104
2001-04-30	13.5738970990529	14.3633472898717	9.70706459891207	0.606006012163271	12.750105	30.670136	10.4811	1.244082	2.51226098722261	4.09200101277738	51.00042	3.86950438082471	3.30270708868174	16.3302957390725	76.4974927914211	0.568201
2001-05-31	13.6518979658808	14.6843095038685	9.98338731809006	0.610302712160637	12.9766325	29.521696	10.5905	1.249724	2.65964856051972	4.07190143948027	51.90653	3.86085986656234	3.35226012610178	16.7371980573325	76.0496819500034	0.619944
2001-06-29	14.0253156415596	14.9780731956839	9.68320172814092	0.611519434615572	13.09937	29.289922	10.2945	1.252798	2.59926550494592	4.16603449505409	52.39748	3.73432148556661	3.39928143689721	16.7629191039331	76.1034779736031	0.603523
2001-07-31	14.0969276322863	14.9909664002784	9.92672215537619	0.621998812059111	13.212205	29.738638	9.7013	1.222232	2.28562767180394	4.20338232819606	52.84882	3.68043871137043	3.09668987485777	16.778427922429	76.4444434913428	0.568167
2001-08-31	13.5408639191889	14.6585368250444	9.96835919654921	0.673547559217476	12.9471025	30.351267	9.94008	1.139047	2.27075346159295	4.51044253840704	51.78841	3.6856738142771	3.21843621562003	16.8943886720608	76.201501298042	0.616796
2001-09-28	13.6512073565845	14.6418282116962	10.4873642453028	0.651945186416524	13.144115	30.174697	9.89406	1.093428	1.37201766502717	4.88933733497282	52.57646	3.39515297176032	3.09972072732462	16.811521609303	76.6936046916121	0.572962
2001-10-31	14.0813945106345	14.3710018819903	10.1672213701692	0.614494737205992	13.0780375	30.412802	9.64854	1.100177	1.7290511689837	4.7972798310163	52.31215	3.47411950989658	2.8827879396767	17.0366627729066	76.6064297775201	0.646899
2001-11-30	14.7140783525131	14.5104488433978	10.016902841541	0.602102462548149	13.2811775	29.765963	9.21096	1.162854	2.27091079261202	4.46460220738799	53.12471	3.5958311321815	2.80456611056427	17.2991977783158	76.3004049789384	0.766023
2001-12-31	15.358234665582	16.1398245120346	9.73699328067828	0.598680041705171	13.9445775	29.064235	8.01714	1.045551	1.85861184282635	4.23615215717365	55.77831	3.68173453280393	2.81360812055992	17.2269192930809	76.2777380535552	0.737606
2002-01-31	15.3070982305924	16.1639230666673	10.3518949891702	0.601403713570043	14.14144	28.311121	7.59621	1.035027	2.2042951579034	4.2875868420966	56.56576	3.71719800407217	2.81830141968982	17.1723222966126	76.2921782796254	0.816086
2002-02-28	15.3777071530316	15.7864919555983	10.155158443466	0.605124947904091	13.9748275	28.530606	7.97818	1.014264	2.20038496757461	4.3772550324254	55.89931	3.66932722901931	2.70441702514088	17.2833237424023	76.3429320034375	0.904361
2002-03-29	14.7577965256813	15.9569784140324	10.3494066523064	0.604115907979879	13.8894325	28.742211	8.06003	1.026424	2.39194429671551	4.22166070328447	55.55773	3.82015471114888	2.75959699934474	17.2179284117605	76.2023198777459	0.943208
2002-04-30	14.111146655096	15.6689485822943	9.92812327655213	0.653848986057601	13.4540225	29.428283	8.82324	1.112685	2.30149828340411	4.51820371659589	53.81609	3.70809841669855	2.70162407045853	17.2016479644127	76.3886295484302	0.975706
2002-05-31	13.8678202828776	15.6071601451397	9.99944643444275	0.658575637539954	13.3776675	29.212638	9.37086	1.07239	2.28534200583847	4.54809999416153	53.51067	3.95920455324167	2.65044292988745	16.9898991868236	76.4004533300473	0.978251
2002-06-28	14.8419012280651	15.422800420227	10.5426487868032	0.678892064904795	13.8287475	29.076111	8.94028	0.891604	1.0711419949979	4.70587300500208	55.31499	3.65989554085527	2.52402608025716	16.9464783903619	76.8695999885257	0.847876
2002-07-31	15.4451729018541	14.9798250893469	10.8204256295352	0.70715387926385	13.9841925	28.186803	9.08832	0.937287	0.777595978140577	5.07322402185944	55.93677	4.13054125612047	2.24294784917073	16.4632062853323	77.1633046093765	0.900854
2002-08-30	15.5353102983668	15.0843856303028	10.7880088072438	0.672867764086537	14.0268575	28.068802	8.98161	0.895588	0.892341259355701	5.05422874064429	56.10743	4.21832836144311	2.39353146322734	16.857650345815	76.5304898295146	0.90618
2002-09-30	15.5964158476491	14.9787008566879	10.6710001574322	0.707143138230723	13.98442	27.423886	9.61992	0.951506	0.361531986093379	5.70547601390664	55.93768	4.01275491379696	2.18745395774387	16.7629398848583	77.0368512436009	0.89369
2002-10-31	16.0385921620123	15.2593738083741	10.5768248524831	0.660716677130422	14.1785025	28.018204	8.34561	0.90936	0.777458248285959	5.23535775171404	56.71401	4.05298325522143	2.30330859244857	16.5233883066595	77.1203198456705	0.875837
2002-11-29	15.8986649600351	15.7268598906428	10.4877444223512	0.648633226970954	14.2539675	27.872799	8.23684	0.908722	1.02333926049799	4.94242973950202	57.01587	4.27804883013262	2.37631251816733	16.6531981273166	76.6924405243834	0.93731
2002-12-31	14.8307527556581	15.7262767064196	10.9194825256223	0.66505051230009	14.0471875	28.321342	8.44177	0.904193	0.851652441022184	5.2922925589778	56.18875	4.56468040830785	2.34290629966051	16.6826957097447	76.4097175822869	0.864195
2003-01-31	14.899167048582	15.9103393453862	10.9645664956424	0.672567110389385	14.14888	27.780141	8.3525	0.949171	0.90193019022453	5.42073780977546	56.59552	4.67281921983333	2.40470284199989	16.781438704863	76.1410392333037	0.852473
2003-02-28	15.1712933328471	15.8738973192902	10.9390902014515	0.682589146411189	14.22229	27.300491	8.574	0.953825	0.767106124953504	5.51541787504651	56.88916	4.76628762946906	2.44622627767349	16.9023573137274	75.88512877913	0.815269
2003-03-31	15.6133995660609	15.8281248470068	11.0183545854056	0.661768501526755	14.3738825	27.153649	8.22443	0.912614	0.722190795215325	5.49158620478467	57.49553	4.85591571968481	2.41564308911479	16.8054065604279	75.9230346307725	0.742242
2003-04-30	15.2312595852307	16.0830322759142	11.000581295908	0.615996842947039	14.31029	28.204467	7.5045	0.829771	1.15045175995838	5.06965024004162	57.24116	5.15718681094839	2.50379964919992	16.9010194596627	75.437994080189	0.779594
2003-05-30	14.9024782510166	16.3912962187528	10.9298660624614	0.632716967769146	14.2854525	28.312713	7.45043	0.852822	1.4255596345273	4.81666536547271	57.14181	5.13306169559708	2.56775719858305	17.0634664603293	75.2357146454906	0.783503
2003-06-30	15.4936191278228	15.8536610402415	11.0276146954141	0.825697636521617	14.4001975	27.414543	7.85012	0.859455	1.75490888456657	4.52018311543343	57.60079	5.52319738939562	2.58963657666892	17.0472403503514	74.8399256835841	0.780994
2003-07-31	15.6641589888205	15.7833609438314	10.7277377205595	0.840714846788648	14.3386575	27.333474	8.01081	0.904095	1.95431629191308	4.44267470808692	57.35463	5.654068384248	2.61908260326339	16.9747880270595	74.7520609854291	0.847306
2003-08-29	15.6640946539548	15.7170428827424	10.6423695620328	0.87180540127007	14.2984375	26.603548	8.66166	0.977989	2.19865473761638	4.36439826238363	57.19375	5.66905206283789	2.64179629058012	16.9747697635366	74.7143818830454	0.876672
2003-09-30	15.3324937946839	15.4257380998028	10.4842185934656	0.903312012047717	14.0485875	27.02425	9.11414	1.006943	2.23872097145637	4.4215960285436	56.19435	5.80720058106557	2.67338461903342	17.1599739135747	74.3594408863263	0.830199
2003-10-31	15.4399096687041	15.3653820430811	10.2808809279494	0.894387360265415	13.99352	27.226401	8.98752	1.023035	2.60176379717951	4.1872002028205	55.97408	5.96844572452505	2.75779919213553	17.0297530726838	74.2440020106557	0.872063
2003-11-28	15.3495604491059	15.3478853538073	10.1941243388213	0.894079858265584	13.92855	27.947156	8.58833	1.005981	2.59183820502141	4.15249479497857	55.7142	6.03918092532039	2.79829401741864	17.0341843936433	74.1283406636177	0.858739
2003-12-31	14.7244890498077	15.1743958694858	10.4721818261397	0.885728254566767	13.752265	28.520196	8.64287	1.005781	2.86793568584986	3.95415731415015	55.00906	5.94177745757526	2.74703771645739	17.0489334036328	74.2622514223345	0.826209
2004-01-30	15.0549149919983	15.3933502028781	9.88812212663352	0.917370178490118	13.7512525	28.357501	8.65805	1.079106	3.0195668345626	3.88076616543739	55.00501	5.98125297135748	2.72601473490674	17.0834607545967	74.2092715391391	0.888901
2004-02-27	14.6232814926646	15.1027179582704	10.3510596466009	0.933563402464152	13.6702075	28.671136	8.48555	1.107029	3.21608604524202	3.83936895475798	54.68083	5.94627500002757	2.72857774358244	17.0669618215088	74.2581854348812	0.902174
2004-03-31	14.4514384923912	14.9646664382077	10.2236670627446	0.972180506656405	13.5373175	27.904262	9.6742	1.058078	3.31610893895614	3.89808106104385	54.14927	5.90974505967064	2.64274288896778	17.060612781838	74.3868992695236	0.935408
2004-04-30	14.5826719764334	14.9593782817229	10.4318351613774	0.902427080466299	13.6254375	28.194378	9.3776	1.003595	2.95708343021648	3.96559356978351	54.50175	6.06251731783888	2.55994801550225	16.8932827327503	74.4842519339086	0.898467
2004-05-31	15.0857963764995	15.2859551709922	9.96224182720025	0.960789125308044	13.7649275	27.755704	9.3584	1.037466	2.87048298986535	3.91823701013466	55.05971	6.01478692472246	2.54643306668307	16.8627960427642	74.5759839658303	0.878932
2004-06-30	14.9590197987578	15.1574261645586	10.0985932429417	1.09218579374185	13.769075	27.549371	9.69236	1.014973	2.95183996690173	3.71515603309828	55.0763	5.93684488695824	2.59665724961811	16.6978657890801	74.7686320743436	0.841469
2004-07-30	14.5218580206573	15.3313691559369	10.2556295909972	1.15523573240855	13.7546975	27.651354	9.42949	1.073469	2.97697581695729	3.84992118304272	55.01879	5.94320602388564	2.63398818891473	16.7174313308903	74.7053744563093	0.797208
2004-08-31	14.2688635838983	15.385884690676	10.3786633377319	1.21646088769382	13.7499575	27.39676	9.47251	1.116955	3.17711821856877	3.83682678143122	54.99983	6.05092522026612	2.70470608650117	16.5597799569902	74.6845887362425	0.869566
2004-09-30	14.2661008235558	15.269163794427	10.1902703356979	1.21642504631921	13.64732	27.916988	9.07401	1.13158	3.48406990690172	3.80407209309828	54.58928	6.04326181325096	2.77923480544341	16.5918986494755	74.5856047318301	0.882403
2004-10-29	14.0615188452166	15.1235743605003	10.1643853357633	1.24374645851973	13.531075	28.262499	9.12005	1.093926	3.63425964492488	3.76496535507511	54.1243	6.11132744771014	2.80580695971243	16.5968035487809	74.4860620437965	0.880849
2004-11-30	13.8715338331363	14.9805612266862	9.97607699305664	1.23732294712083	13.355165	28.90988	9.08252	1.136095	3.82596697424633	3.62487802575367	53.42066	6.29649077536712	2.87185078720638	16.6617090093542	74.1699494280723	0.926438
2004-12-31	14.1840475128663	14.22213724331	9.99183351035705	1.2584792334666	13.2188325	29.225307	9.17007	1.113542	4.09189173086654	3.52385926913347	52.87533	6.1705226195448	2.78147156247739	16.888259301422	74.1597465165558	0.924941
2005-01-31	14.0598415164806	14.234644367488	9.99620841671189	1.22439819931953	13.1716975	29.225711	9.16578	1.100338	4.20515164552124	3.61622935447876	52.68679	6.05646766129078	2.74165993969715	16.8594989529962	74.3423734460159	1.00568
2005-02-28	13.5118409910497	13.9178931534213	9.86391036366651	1.74666799186246	13.0134375	29.640896	9.06592	1.116438	4.6084132205996	3.51458277940038	52.05375	6.17082318223236	2.81389665758424	16.835484430951	74.1797957292324	1.06598300962933
2005-03-31	13.6477907608892	13.964559122415	9.90646169175053	1.78146592494529	13.1000925	29.580288	9.08274	1.101678	4.2545865564554	3.58033744354459	52.40037	6.07607995379305	2.75858736252455	16.7440080039948	74.4213246796876	1.02617255473832
2005-04-29	13.5434962413303	13.9255993929512	10.0480678240847	1.90139654163392	13.13952	29.387859	9.07242	1.154568	4.17697619361942	3.65009680638058	52.55808	5.93391495055656	2.76525853339486	16.7677104448904	74.5331160711582	1.00029895753054
2005-05-31	14.0063810004638	14.0408701386978	10.0353361106067	1.90276275023179	13.32845	28.864484	8.86095	1.127002	4.29216233134884	3.54160166865116	53.3138	6.39670156089642	2.81431345650143	16.3397389401188	74.4492460424833	1.03355641642691
2005-06-30	14.1676640250922	13.9965004745766	9.84796570880428	1.94577729152694	13.3193025	28.304297	8.90197	1.172055	4.93965558030958	3.40481241969041	53.27721	6.39472658028801	2.91846620908	16.4163511431029	74.2704560675291	0.975988033028255
2005-07-29	14.4020038632444	13.897514607943	9.66196016137488	2.01166136743769	13.32438	28.302071	8.6792	1.216985	5.21569320365156	3.28853079634845	53.29752	6.547624584082	2.94670066064172	16.3668485346478	74.1388262206285	1.05790361914775
2005-08-31	14.1879837856653	13.7047829337943	9.57037138785296	1.95229439268745	13.1384775	28.47384	9.26109	1.203708	5.17630383853191	3.33114816146809	52.55391	6.5110342380612	2.96257064917341	16.4514902543204	74.074904858445	1.03718772388903
2005-09-30	13.8416353277622	13.4628012345623	9.3868537985454	1.97606963913016	12.88912	28.318902	9.91716	1.230351	5.67226874428843	3.30483825571158	51.55648	6.40490719576357	3.02309918108312	16.3808225196591	74.1911711034942	1.14142940114412
2005-10-31	13.9948948513522	13.4723131238197	9.50991416632802	1.95742535850013	12.9781825	28.179727	10.0753	1.16374	5.30666966858576	3.36183333141424	51.91273	6.30030909867721	2.99921086820383	16.3447396261063	74.3557404070126	1.10372632057404
2005-11-30	14.497415760041	13.8227963545896	8.79630228116523	1.96343560420417	13.02665	27.564923	10.1935	1.203854	5.69164606225507	3.23947693774492	52.1066	6.16614760648983	2.98325438726485	16.4916599041406	74.3589381021047	1.19156753898317
2005-12-30	13.5973238953539	13.3864930837782	9.25877173535674	1.97772628551117	12.740105	27.791665	10.8285	1.216583	5.96240270881845	3.24042929118156	50.96042	6.16054153849367	3.00513884796738	16.495311739842	74.3390078736969	1.27508680968107
2006-01-31	13.4057126793153	13.0483054198339	9.07311768854	2.04110671231077	12.5227475	28.159833	10.8522	1.268089	6.47290383160239	3.15598416839761	50.09099	6.1137226652269	3.08198337001279	15.6408563389042	75.1634376258561	1.31366435984637
2006-02-28	13.2590972125945	13.0945743304288	9.11310622827506	2.07789222870167	12.51489	28.250928	10.8505	1.290977	6.38666686282796	3.16136813717204	50.05956	6.0667851031535	3.10274138475879	15.6114115061753	75.2190620059124	1.27464168485646
2006-03-31	13.1447630071811	12.931317493859	8.93668709417287	2.14999490478705	12.3875875	28.698371	10.9918	1.300506	6.32475852091357	3.13421447908643	49.55035	6.08960565112657	3.01973554898372	15.5943846229408	75.296274176949	1.25969877441313
2006-04-28	12.7352233760661	12.8078804463776	8.8813461533947	2.0534125241616	12.1592875	29.179154	10.9914	1.32772	6.75383267665326	3.11074332334674	48.63715	6.17509665480133	3.04417812819561	15.5505958593019	75.2301293577011	1.30707156523386
2006-05-31	12.7926992119457	13.0096942561556	9.09124372478908	2.0378853071096	12.3105075	29.370124	10.7692	1.312669	6.09502310329746	3.21095389670254	49.24203	6.16916246633483	2.92833730829421	15.6411764195168	75.2613238058541	1.26098222625041
2006-06-30	12.6729161219115	13.2714066409444	9.11021002946842	2.00019220767571	12.351575	29.022043	10.6311	1.395043	6.40467568559322	3.14083831440678	49.4063	6.02866385764396	2.83068211456227	15.5462734288614	75.5943805989324	1.29519525767594
2006-07-31	12.2598873134434	13.4328145020397	9.18144911870942	2.05031406580742	12.308155	29.237533	10.5228	1.417504	6.45502036607498	3.13452263392503	49.23262	5.9825763560159	2.8491779267743	15.5266699327114	75.6415757844984	1.28459483027901
2006-08-31	12.2724137385862	13.32255832513	9.1634767237108	2.08161121257299	12.28002	29.398438	10.4635	1.425552	6.51742800318225	3.07500199681776	49.12008	5.95988552305448	2.84979074862076	15.7514608750314	75.4388628532933	1.28836457850585
2006-09-29	12.4000955289995	13.3856593772671	9.16627752819534	2.09576256553804	12.349265	29.235646	10.1936	1.439936	6.7192923383156	3.0144656616844	49.39706	5.96926239945894	2.83278324949209	15.7808461256061	75.4171082254429	1.31414914956238
2006-10-31	12.3000379354359	13.3636196839368	9.09189864369156	2.15157623693571	12.3023775	29.42081	10.0108	1.453496	6.98713495446278	2.9182490455372	49.20951	5.96009799971267	2.76047456451392	15.821203539449	75.4582238963244	1.26329503549076
2006-11-30	12.2079416225036	13.1946695025176	8.93899778666884	2.20174358830999	12.1811175	29.590731	9.82568	1.593994	7.39122184505264	2.87390315494736	48.72447	6.13229956465313	2.79211244569226	15.8500184446606	75.225569544994	1.29951769715747
2006-12-29	12.3362858437184	12.6634842223923	8.78563548789469	2.17587944599458	11.987095	29.96528	9.88796	1.747764	7.58355393505983	2.86706206494018	47.94838	6.22265122835881	2.82743176356743	15.7872044489422	75.1627125591315	1.2713111937565
2007-01-31	12.4765133979957	12.6404417271631	8.75354293532951	2.29888943951166	12.0564625	29.84231	9.88301	1.718402	7.50936207180556	2.82106592819444	48.22585	6.25219884625517	2.77031252658394	15.6022016356386	75.3752869915223	1.19491511322217
2007-02-28	12.3354386197152	12.5136745661541	8.65619947909301	2.18110483503766	11.8954725	29.920506	10.3567	1.694256	7.56028011327363	2.88636788672636	47.58189	6.25661213310965	2.82139741046046	15.6223439262115	75.2996465302184	1.25579959462354
2007-03-30	12.1044814212101	12.4452181640973	8.6329344053643	2.12960850932834	11.7707475	30.312227	10.0302	1.723302	7.97703941346423	2.87424158653576	47.08299	6.27731268244021	2.85489995354598	15.5492921835578	75.318495180456	1.2660403213758
2007-04-30	12.1456786705816	12.4450448129034	8.72149477893492	2.02983673758002	11.780685	30.799354	9.44389	1.700747	8.17119950043198	2.76206949956801	47.12274	6.20027805989852	2.81242395019606	15.5503362985777	75.4369616913277	1.28905689599686
2007-05-31	12.3390844355114	12.5990722881825	8.75841701655438	1.97385375975172	11.8901425	30.319794	9.33889	1.746984	8.35655353415926	2.67720846584074	47.56057	6.32563857658496	2.82684287475361	15.6897839820622	75.1577345665992	1.36013262210301
2007-06-29	12.431064107355	12.4258467979209	8.46907919095573	1.82845990376832	11.71815	30.327953	9.3056	1.919862	8.85654438668647	2.71744061331355	46.8726	6.25594167451158	2.78928504464438	15.683164405795	75.271608875049	1.43488358398655
2007-07-31	12.481023837594	12.1207111153589	8.287607693809	1.72350235323805	11.537615	30.160306	9.44541	2.130567	9.30281181943453	2.81044518056548	46.15046	5.89037417855748	2.6846280522302	15.5739256990622	75.8510720701501	1.61838492761732
2007-08-31	12.7200082283648	12.293785685718	8.41000421304058	1.78177937287657	11.7351925	29.846906	9.23	2.241492	8.96295683978209	2.77787516021791	46.94077	5.86337311497466	2.65750610696044	15.7032412254555	75.7758795526094	1.55447089642604
2007-09-28	12.621184416471	12.0303887897761	8.22496898371894	1.79403031003395	11.5568575	29.844563	8.97143	2.578753	9.68283874716349	2.69498525283652	46.22743	5.98566768507533	2.71223367445986	15.6488738297739	75.6532248106909	1.59175487862897
2007-10-31	12.5676619480943	11.7106894851973	8.10807542266162	1.72310814404675	11.369845	29.865593	8.67931	2.880869	10.4275390313183	2.66730896868169	45.47938	5.85503668195573	2.67726363105729	16.0320994608683	75.4356002261186	1.66038127704325
2007-11-30	12.5864441564321	11.5140887593335	8.16551915424766	1.63549292998672	11.300515	30.248353	8.94025	2.725552	10.0830205586481	2.80076444135192	45.20206	5.60546298657371	2.63424465608747	16.100536535992	75.6597558213468	1.57646201159902
2007-12-31	12.7036803418204	12.0490334145935	7.81345389920268	1.53087984438343	11.3656825	29.900495	8.60431	2.84897	10.400769910177	2.78272508982297	45.46273	5.44095862653685	3.48318838461341	15.7075003258423	75.3683526630075	1.61836519672168
2008-01-31	12.6238597199032	12.4351338903205	8.20037592191497	1.61383796786131	11.6244025	29.132993	8.93931	2.55408	9.90606319896118	2.96994380103882	46.49761	5.16629823592191	3.45622870083744	15.6752770824237	75.7021959808169	1.51628206890204
2008-02-29	12.5740647441705	11.9468651305199	7.79500894850591	1.60443117680374	11.30679	29.535087	8.99238	2.694459	10.4777504577943	3.0731635422057	45.22716	5.07465015880191	3.36529028566855	15.8157472813882	75.7443122741413	1.58806645706913
2008-03-31	12.6690311457694	11.773774004441	7.72018191454923	1.73279793524035	11.298595	30.161105	8.73744	2.524837	10.247765476096	3.13447252390397	45.19438	4.97435030242841	3.31486181438922	15.5611346747196	76.1496532084628	1.56255146976689
2008-04-30	12.7374416403642	11.880378364017	7.66678675320418	1.72497574241462	11.3365275	29.549999	8.86781	2.686132	10.5919383743855	2.95801062561453	45.34611	5.07803871124715	3.30308251413359	15.9547034393656	75.6641753352536	1.58432165770647
2008-05-30	13.1727688864981	11.8105247848555	7.54688837032984	1.70524045831654	11.4118075	29.148574	8.96931	2.546599	10.7742785369226	2.91400846307741	45.64723	5.13923154075183	3.34239151812948	15.9189879222991	75.5993890188196	1.53482726288798
2008-06-30	13.3593617307929	12.455947111322	6.97777712991331	1.62775902797177	11.473615	28.813337	9.08511	2.537232	10.5541530159112	3.11570798408884	45.89446	4.99827883030526	3.31824918212359	16.2315581759037	75.4519138116675	1.46165751588637
2008-07-31	13.265649359216	12.5417262472575	7.2373096104446	1.68622478308195	11.57697	28.708226	9.02442	2.633	10.1684934423931	3.15798055760694	46.30788	4.89460510521775	3.32949924736944	16.0474143034027	75.7284813440101	1.47629097803729
2008-08-29	13.6980915282198	12.9232431679051	7.51039173288504	1.70165357099001	11.94446	28.201523	8.87586	2.500751	9.51683674379741	3.12718925620259	47.77784	4.83676653113203	3.29258385251124	16.0397337835981	75.8309158327587	1.30364310864563
2008-09-30	13.478138767271	13.4544398336945	8.12322820244879	1.87932319658564	12.31171	27.419625	8.98678	2.308402	8.57345532246466	3.46489767753534	49.24684	4.46504703313212	3.0850392449576	15.2255755616401	77.2243381602702	1.34019429888297
2008-10-31	13.527980689881	13.9473873895912	8.78844133352645	1.53559058700137	12.5998	27.004612	9.56361	2.230653	6.61930515020926	4.18261984979074	50.3992	3.84159622486276	2.53916287817807	14.7097525110708	78.9094883858884	1.23694984500122
2008-11-28	13.8897759959801	14.2712077314137	8.04043532652189	1.25846344608435	12.4866275	26.911844	10.1434	2.451519	6.00473199986874	4.54199500013125	49.94651	3.42314065329251	2.53412931344375	14.8252973776984	79.2174326555653	1.11243790957513
2008-12-31	13.4183906226411	13.784510964582	7.73854570999977	1.46354520277721	12.1349975	27.358532	10.6064	2.562506	6.43002858615367	4.50254341384634	48.53999	3.37302872908962	2.67862651303597	14.8896940852507	79.0586506726237	1.28771210548845
2009-01-30	14.3282548581737	13.5907102022885	7.45320959703575	1.31403034250207	12.228735	26.566155	10.8254	2.654136	6.12729394970872	4.91207505029129	48.91494	3.56628375709784	2.7283026703212	15.0092928751525	78.6961206974285	1.34233353175462
2009-02-27	14.9644791024767	13.1564121348674	7.24397900677261	1.1479272558834	12.1709325	26.452433	10.5321	2.827778	6.01143814525545	5.49252085474455	48.68373	3.39758338477331	2.68269022792608	14.8739871868554	79.0457392004452	1.22867282987506
2009-03-31	14.8056418794058	13.1591511749192	7.33571861200222	1.10322083367279	12.1345775	26.322455	9.89301	2.968751	7.17334383709417	5.10413016290584	48.53831	3.5780690242052	2.64002651842563	14.8159719885243	78.9659324688448	1.43803811048609
2009-04-30	14.3620921162322	12.9374495431608	7.19007161906792	1.36729422153914	11.9523025	26.675534	9.72336	2.998077	8.13419333595508	4.65962566404492	47.80921	3.99217192877815	2.75710243173974	14.8584835450375	78.3922420944446	1.56486771062035
2009-05-29	13.7199382634069	12.7329379590173	7.13227591932909	1.37740285824672	11.654185	26.982802	9.75426	3.17285	9.07439801331381	4.39894998668619	46.61674	4.27609477778574	2.88215838013057	15.2242003494556	77.6175464926282	1.47073702478455
2009-06-30	13.0761815001586	12.9533444885393	7.75723252545234	1.35547398584985	11.7140775	26.352766	9.93057	3.33032	9.16535042472787	4.36468357527213	46.85631	4.41613814062527	2.79879879267076	15.4893224994702	77.2957405672338	1.47918453326634
2009-07-31	12.8707255017153	12.8971128710539	7.67269397206072	1.3922126551701	11.610915	26.748674	9.54981	3.42333	9.77917406005291	4.0553519399471	46.44366	4.54680936720999	2.83766075917858	15.6766880665846	76.9388418070268	1.61228551972245
2009-08-31	12.5941439916429	12.9852246308033	7.51873989338663	1.53779898416712	11.5453025	27.431006	9.5934	3.075092	9.79482510742048	3.92446689257952	46.18121	4.60738203038154	2.84687270640542	15.6595712009451	76.8861740622679	1.57700694242168
2009-09-30	12.5583459046007	12.8987754678525	7.43809408394754	1.5949745435993	11.49673	27.453204	8.9438	3.124248	10.7197956147662	3.77203238523375	45.98692	4.79837171864833	2.89000782308386	15.572259540914	76.7393609173538	1.6950477880138
2009-10-30	12.5764743510637	12.6518670530609	7.32103101201401	1.56779758386143	11.37239	27.624753	8.90298	3.34989	10.7662603656682	3.86655663433174	45.48956	4.8689450435756	2.8946437587746	15.5973546643785	76.6390565332713	1.61483177547332
2009-11-30	12.6284702708963	12.898598684809	7.54861786873299	1.58549567556171	11.5537275	27.436385	8.47433	3.2612	10.947530833423	3.66564416657702	46.21491	4.73925910522431	2.94680624385394	15.4644870823962	76.8494475685256	1.56500528967983
2009-12-31	12.5971192436658	12.5833957783652	7.73991910235661	1.68539837561243	11.5352775	27.150364	8.44877	3.283903	11.3962712797525	3.57958172024754	46.14111	4.97213109169508	2.97823676567417	15.3880220935652	76.6616100490656	1.65282126553749
2010-01-29	12.4335453050128	12.7851782525282	7.8461109058753	1.65166053658374	11.572165	26.713729	9.04884	3.169271	11.0641656733963	3.71533432660375	46.28866	4.96026973861488	2.94779317769741	15.4451667767202	76.6467703069675	1.64346971487049
2010-02-26	12.8068064135708	12.9868090520024	7.92398849506729	1.69886603935955	11.80549	25.810352	9.05579	3.221056	11.0771063792684	3.61373562073156	47.22196	4.97359234265536	2.97839117767569	15.4043349512878	76.6436815283811	1.60832696326956
2010-03-31	12.7870297106384	12.9503517042254	7.84396320426955	1.76930538086666	11.78355	25.829952	8.86535	3.22078	11.5395528014111	3.41016519858891	47.1342	5.12580298714712	3.04304783244938	15.2134640358368	76.6176851445667	1.66067974391369
2010-04-30	12.9704682951994	13.097378902359	7.91978940901026	1.88280839343129	11.956815	25.036177	8.8984	3.181544	11.6975270415432	3.35909195845677	47.82726	5.23386589689005	3.17956903750976	15.2565462367543	76.3300188288459	1.75312502634802
2010-05-31	12.9008942058013	13.0431453687507	8.59430382742487	1.93377409802315	12.1573725	24.17913	9.02054	3.368856	11.1535739159911	3.64841008400895	48.62949	5.05678761640706	3.05356392439555	15.1006416678052	76.7890067913922	1.72548236517415
2010-06-30	12.4073254601957	12.6660125784285	8.58769901570963	1.95993544566618	11.8736575	24.783443	9.13647	3.53436	11.1905961169552	3.86050088304478	47.49463	4.8992308758321	3.01833479500584	15.0634212139037	77.0190131152584	1.79966882402044
2010-07-30	12.2839282744437	12.4866322580691	8.4246581600786	2.00856630740862	11.734595	25.575649	8.7901	3.450323	11.6316871521467	3.61386084785335	46.93838	5.05056557452134	3.1076045871844	15.1446426039952	76.6971872342991	1.78964435160454
2010-08-31	12.0079156692733	12.2941893561428	8.52513430032558	2.09082567425826	11.639355	25.529053	8.9423	3.52188	11.6569592798634	3.79238772013665	46.55742	5.05201679524685	3.12878398043621	15.2221852367701	76.5970139875468	1.80788447027862
2010-09-30	12.1576364176695	12.1777457057787	8.32547756518039	2.01065031137139	11.55717	25.868006	8.45554	3.5457	12.4276375595797	3.47443644042031	46.22868	5.20822071620246	3.22377824402026	15.3482614687208	76.2197395710565	1.83965432201057
2010-10-29	12.3590293559332	12.0756913223827	8.27588818279554	2.03190363888855	11.5808375	26.045604	8.32006	3.5411	12.4246303138442	3.34525568615581	46.32335	5.31940636321342	3.26992850703023	15.3043064225585	76.1063587071978	1.8034975836482
2010-11-30	12.7862694385586	12.3445007814285	8.40833472609077	1.99843005392214	11.845845	24.586916	8.6831	3.69076	12.3090095285144	3.34683447148557	47.38338	5.30212722231328	3.24802174746815	15.2798508030992	76.1700002271194	1.84443582144601
2010-12-31	12.5194153999192	12.5062583935893	8.12152845750351	2.03040024898795	11.7258675	24.856103	8.67452	3.51307	12.9156414038794	3.13719559612057	46.90347	5.41569619344885	3.2991457779996	15.3357095293704	75.9494484991812	1.91405860579666
2011-01-31	12.5742302458186	12.6581135577729	8.0831698161091	2.06393638029942	11.79315	25.437311	8.55338	3.46714	12.3035147009347	3.06605429906525	47.1726	5.45723222258331	3.31671584651747	15.4945324654243	75.7315194654749	1.92587722454572
2011-02-28	12.5600509192158	12.812053296115	8.18326762234269	2.08885066232653	11.8814075	25.510388	8.72204	3.2975	11.9719731793357	2.97246882066426	47.52563	5.54753683290308	3.3423999255946	15.4929098139393	75.6171534275631	1.75002313270447
2011-03-31	12.5678820343126	12.7841061962911	8.24453035325166	2.07886641614464	11.891795	25.304808	7.87357	3.4633	12.8107796284323	2.98036237156771	47.56718	5.63010055677427	3.60617801764562	15.4897525270025	75.2739688985776	1.96142993228938
2011-04-29	12.335859381983	12.571446818187	8.2298703643227	2.13705593550731	11.7580775	26.191627	7.61177	3.38711	12.8786912086639	2.89849179133605	47.03231	5.68072054673771	3.62117610542028	15.5321839320689	75.1659194157731	2.01289536923152
2011-05-31	12.5045735757007	12.6184292077841	8.3607907440385	2.19070647247675	11.8915	25.777758	7.67039	3.46478	12.5905576010402	2.93051439895981	47.566	5.6461258798465	3.72610628333756	15.6759901531755	74.9517776836404	1.99023243219568
2011-06-30	12.6007241599399	12.2871229716382	8.43906605167858	2.19504431674332	11.8406525	25.74513	7.8316	3.41308	12.6669589898739	2.98062101012615	47.36261	5.66157061488288	3.79307817055012	15.6039586059797	74.9413926085873	1.99850126525682
2011-07-29	12.7287335708941	12.0494569131356	8.35705037207264	2.27688664389769	11.8040425	25.255561	8.24827	3.47442	12.763109550073	3.042469449927	47.21617	5.61918356349087	3.7783179006572	15.7074817731764	74.8950167626755	2.06892322322973
2011-08-31	12.8834480759063	12.2057210725021	8.77222028623515	2.27085056535648	12.04408	24.542032	8.19848	3.44076	12.4105151104638	3.23189288953618	48.17632	5.28337066924902	3.73692729108836	15.5690554930753	75.4106465465874	1.93677906538409
2011-09-30	12.9613906290525	12.362652586242	9.14374705744483	2.22599722726066	12.2312625	24.167638	8.84135	3.18094	11.387903827755	3.49711817224498	48.92505	4.96457540776975	3.51304295158992	15.5525061931959	75.9698754474445	1.87605578344692
2011-10-31	13.1794573651109	12.3520888696068	8.92774352191441	2.29683024336783	12.25204	24.462058	7.9771	3.29081	12.1053113324704	3.1565606675296	49.00816	5.17979984548404	3.64994599832298	15.6262299651615	75.5440241910314	1.95536627094915
2011-11-30	13.5315553802225	12.6359282930431	9.30845062351199	2.2185932032224	12.5648425	24.059731	7.8771	3.12494	11.5034533588907	3.17540564110932	50.25937	5.05708699746322	3.57847558078818	15.5164731702144	75.8479642515342	1.89458537477771
2011-12-30	12.8913796818732	13.1511947547556	9.55804768044283	2.31728538292833	12.6393025	23.770134	7.95955	3.27304	11.2792225971662	3.16084340283377	50.55721	5.09449496130506	3.55924065564303	15.62448562694	75.7217787561119	1.88655712373291
2012-01-31	13.0594058969427	12.929301279994	9.1713909288755	2.35968689418778	12.506595	23.539784	7.87229	3.41474	12.1213909970215	3.0254150029785	50.02638	5.4407615190228	3.59237195206672	15.6761273188015	75.290739210109	1.9656834753133
2012-02-29	13.1266051917817	12.8610218417969	9.04075257028177	2.24287789613966	12.4237525	23.793954	7.88529	3.49062	12.2313053617067	2.90382063829325	49.69501	5.67007598308237	3.7260881044591	15.7252121794784	74.8786237329801	1.96062807047529
2012-03-30	13.3991502435859	13.0504376183764	9.12067032577239	2.31944181226524	12.6299	23.565708	7.90434	3.26841	11.9031854902273	2.83875650977269	50.5196	5.70229589034689	3.75771644191445	15.7031030492719	74.8368846184668	1.9476637320179
2012-04-30	13.4884864495353	13.0504001633158	9.22437143550079	2.40327445164807	12.7221775	23.194328	7.75907	3.4071	11.8892928018369	2.86149919816312	50.88871	5.80495475274183	3.77152768391089	15.7580746995103	74.665442863837	1.97684931963536
2012-05-31	13.7230212113664	13.3991350867277	9.64242338490838	2.44801531699753	13.070865	22.272678	7.79599	3.34132	11.2452784857999	3.06127351420014	52.28346	5.45825361065447	3.61048196788779	15.8786810740917	75.0525833473661	1.93340102522606
2012-06-29	13.1510936898085	13.3746649825252	9.80212630446348	2.50878002320282	12.945555	22.811122	7.7801	3.30021	11.3990150426713	2.92733295732868	51.78222	5.57250800494759	3.70560823431924	15.8994376780706	74.8224460826625	1.89809288279944
2012-07-31	13.0890052755386	13.3019064262241	9.88823592994419	2.53705736829309	12.938735	22.797716	7.50436	3.32539	11.7218148621162	2.89577913788384	51.75494	5.45897962160887	5.62516591127267	15.7156281496539	73.2002263174645	1.94217230675273
2012-08-31	13.3617716680183	13.3020495712345	9.78481712331532	2.48058413743189	12.9764075	23.278712	7.30501	3.19735	11.4772969792846	2.83600102071545	51.90563	5.61232997788679	5.74122011044077	15.8109453306093	72.8355045810632	1.88816157913521
2012-09-28	13.3045324394167	13.3545484843481	9.67860269474772	2.39893888148747	12.9122075	23.317814	7.17499	3.30686	11.7879603479421	2.76354565205795	51.64883	5.69876325605168	5.87653143185452	15.8473800390641	72.5773252730297	1.95909274959728
2012-10-31	12.9575321255289	13.3000684765111	9.61268347238637	2.43694842557361	12.7690775	23.800201	7.10459	3.47249	11.7284133280195	2.81799567198049	51.07631	5.80011833060605	6.02876087007782	16.0574229969831	72.1136978023331	1.9151761443122
2012-11-30	13.0854540619961	13.0641292797945	9.4340557749257	2.4151858832837	12.666275	24.096099	7.193	3.51526	11.7230680373732	2.80747296262684	50.6651	5.88684620432055	6.12550845035379	16.0867186378929	71.9009267074327	1.94443839837855
2012-12-31	12.8764049016507	12.8053676066253	9.17497709623208	2.52121789549195	12.4593225	24.204552	7.41476	3.56984	12.1852239820445	2.78833401795546	49.83729	6.02095331848144	6.26595674124718	15.9224606267762	71.7906293134952	2.0050362463771
2013-01-31	12.8069957572482	12.9739797681113	9.22282880978178	2.48746566485868	12.49709	24.483812	7.36133	3.57727	11.9368969657352	2.65233103426476	49.98836	6.21429429759638	6.40673426776761	15.984204347097	71.394767087539	1.83985395528204
2013-02-28	12.8972905065381	13.1118928041804	9.37306116444816	2.48599052483333	12.622745	23.790063	7.56615	3.49044	12.0387932474716	2.62357375252842	50.49098	6.25744687066004	6.31539217654753	16.0029731240384	71.4241878287541	1.92655438027653
2013-03-29	13.0765928533913	13.309522725444	9.52565110445483	2.49526081670983	12.8023425	23.344213	7.78363	3.35438	11.7706739894284	2.53773301057159	51.20937	6.28487430655314	6.26072276781003	16.0038259459132	71.4505769797236	1.8150842437867
2013-04-30	12.7966798374322	13.1771477271044	9.44747132411598	2.61787611134742	12.679725	23.588748	8.24238	3.32415	11.6347244999259	2.4910975000741	50.7189	6.26881877729641	6.38797986344294	16.0241430992782	71.3190582599825	1.72561974452748
2013-05-31	13.2360629481306	13.6479645891245	9.56900529936368	2.43743716338118	12.96349	23.636577	7.81542	3.28472	10.963551946417	2.44577105358304	51.85396	6.41877870293484	6.40459396727969	16.0708008273772	71.1058265024083	1.74313584511344
2013-06-28	13.4159952770041	13.5781659570337	9.78150480576253	2.4671314601997	13.0809325	23.291611	8.20441	3.16153	10.5342483856237	2.48447061437635	52.32373	6.36726164576817	6.32987155895582	15.9386416206771	71.3642251745989	1.64945094534127
2013-07-31	13.6117525713509	13.6147285259828	9.77784818273011	2.37875571993617	13.127695	23.882713	7.90733	3.14245	10.1904991108869	2.36622788911312	52.51078	6.54690749139465	6.26974655480966	15.8291568046423	71.3541891491534	1.63377384646625
2013-08-30	13.7171371386711	13.4441069147944	9.7089465885735	2.28385185796099	13.0513475	24.077642	7.92135	3.25183	10.1043452589336	2.43944274106644	52.20539	6.54877163148362	6.21654581273825	15.8214738284802	71.413208727298	1.73522085800635
2013-09-30	13.6691627370866	13.0758450461084	9.38506316439354	2.33919905241139	12.82309	24.577814	8.1349	3.25648	10.3723402801358	2.36610571986424	51.29236	6.66098942720351	6.35502380609248	15.8950948213807	71.0888919453233	1.76495665624909
2013-10-31	13.6607614402483	13.0776699532599	9.45157121761846	2.35094488887342	12.8469825	24.655522	7.84331	3.20815	10.6332232060628	2.27186479393715	51.38793	6.710589382752	6.45732425987092	15.991407463704	70.840678893673	1.77494428296957
2013-11-29	13.7409768737809	13.586492204601	9.39363647402232	2.16317694759575	12.9614275	24.651262	7.827	3.28294	10.1818409031872	2.21124709681285	51.84571	6.76404358415107	6.4436917857276	16.00139201193	70.7908726181913	1.7694161686118
2013-12-31	13.9724847819005	13.7185824086596	9.40168147878733	2.11719883065249	13.0699825	24.768045	7.75966	3.15796	9.87775084787923	2.15665415212076	52.27993	6.9508248133447	6.54306290863707	15.9939952854723	70.512116992546	1.7138762511783
2014-01-31	14.0494790022229	13.7297959595288	9.35214681922074	2.28748321902759	13.139635	24.805769	7.78155	3.08559	9.53409467471468	2.23445632528534	52.55854	6.91529630566485	6.40806333483246	16.0684972835366	70.608143075966	1.67907067450962
2014-02-28	14.1530034301669	13.74187886298	9.28681230854599	2.29760039830709	13.159765	25.174933	7.40198	3.04823	9.60215023520482	2.13364676479519	52.63906	6.99975136996812	6.57410563982186	16.1251492672661	70.3009937229439	1.6548473877435
2014-03-31	13.8188894691706	13.9631263905619	9.42292988417022	2.32859675609731	13.1778475	24.834355	7.25421	3.00387	10.068385168647	2.12778983135304	52.71139	7.02979420221174	6.58891313962023	16.1259242472228	70.2553684109453	1.65784330700077
2014-04-30	13.6287218019156	13.940027889013	9.52371959504085	2.38875321403054	13.1604075	25.144404	7.01056	2.95922	10.1277972663375	2.11638873366251	52.64163	7.03683250808448	6.69489166211886	16.1669599549647	70.1013158748319	1.67323887628362
2014-05-30	13.8393547258719	13.8575780099291	9.4676848159249	2.39371994827406	13.1861125	24.751562	7.1638	3.02125	10.2446069167181	2.07433108328189	52.74445	7.00787546362364	6.70680005652846	16.2094417465655	70.0758827332824	1.70689969421165
2014-06-30	13.9880366329896	13.7273593490091	9.43150723460364	2.40833678339769	13.18508	24.408072	7.36443	3.0271	10.4274355982039	2.03264240179615	52.74032	7.10737098690683	6.77965471160437	16.3474003381051	69.7655739633837	1.69316518329422
2014-07-31	14.0056530387678	13.6490493125215	9.38538319578805	2.45754695292271	13.1658775	23.802511	7.51636	3.2808	10.6712816675205	2.06553733247946	52.66351	7.03507405969509	6.69317844487345	16.3832918696141	69.8884556258174	1.74725629045013
2014-08-29	14.3409977262331	13.8348488558426	9.52643574881486	2.43384016910951	13.3787075	23.37575	7.20285	3.2051	10.7122113928262	1.9892586071738	53.51483	7.00895514247169	6.6380941875071	16.437101933085	69.9158487369362	1.69822467420343
2014-09-30	14.5133138015147	14.0035252987833	9.7170398421068	2.33735605759522	13.523745	23.328661	7.37165	3.09585	10.0778745904522	2.03098440954779	54.09498	6.74649471770253	6.32656584201996	16.3926986578061	70.5342407824714	1.61718425975824
2014-10-31	14.7098407456748	14.0666217880598	9.7955918490946	2.51320061717085	13.695085	22.549175	7.24457	3.23476	10.2049165155881	1.98623848441194	54.78034	6.85197863262411	6.27281456149165	16.3807045822355	70.4945022236487	1.55674312971321
2014-11-28	15.0343662025172	14.5742236524305	9.25732544747594	2.49751469757635	13.78781	22.757593	7.12625	3.23417	9.80040972871331	1.93033727128667	55.15124	6.76442073274663	6.20794078278168	16.3916254802553	70.6360130042164	1.53244480726986
2014-12-31	15.2189084768493	14.8081551494649	9.33916533522613	2.58021353845969	13.9821475	22.234629	7.15941	3.30403	9.43341348357832	1.93992751642169	55.92859	6.6663491384223	5.8764533396722	16.5006681364387	70.9565293854668	1.51408044348077
2015-01-30	15.0011792253482	14.303156356825	9.07381281189128	2.83727660593561	13.738475	22.611369	7.44637	3.47786	9.5111716320791	1.99932936792091	54.9539	6.48350513959528	5.64832320593368	16.6482742841635	71.2198973703076	1.580934210346
2015-02-27	15.3399959689108	14.3596117780676	9.01550959608022	2.58762265694138	13.76758	22.76915	7.48734	3.36411	9.41704738808555	1.89203261191444	55.07032	6.6880668276717	5.70310616811403	16.6166470201137	70.9921799841005	1.50531105009382
2015-03-31	15.3268791891939	14.2134334079077	8.8922068007359	2.72186310216248	13.7181275	22.610837	7.71912	3.49583	9.36496605881875	1.93673694118126	54.87251	6.91421411472718	5.60409242926071	16.6001979222503	70.8814955337618	1.55967155763408
2015-04-30	14.9569633661963	14.1542625466623	8.86657609237586	2.54139799476558	13.5064	22.860432	7.78092	3.88843	9.52264669462802	1.92197130537199	54.0256	7.07449272017242	5.75494037422849	16.5629937200847	70.6075731855144	1.61943462432895
2015-05-29	15.2385811921901	14.298263853111	8.91402756920698	2.50841238549196	13.653095	22.638474	7.91278	3.7963	9.13792803050173	1.90213796949826	54.61238	7.09769576819951	5.72450523096792	16.5284938375316	70.649305163301	1.53915840024045
2015-06-30	15.0975447530893	14.9474175571924	8.50994525211083	2.49065743760746	13.681855	22.464762	7.92838	3.76564	9.18266322653023	1.93113477346976	54.72742	6.87237506770086	5.64458827827548	16.8341477339094	70.6488889201142	1.52118917791215
2015-07-31	15.2921750105083	14.8665172399581	8.55295803016864	2.58609471936493	13.765915	23.011996	7.92413	3.44384	8.6572740266413	1.89909997335869	55.06366	6.72833088370431	5.5904111390857	16.9850573905951	70.6962005866149	1.38873136772674
2015-08-31	15.380344822155	14.988284831516	8.66386935611826	2.5759259902108	13.869475	22.939478	8.02569	3.25342	8.27652192465857	2.02699007534143	55.4779	6.63434749716303	5.5474820939572	16.9405459077388	70.877624501141	1.4104203023781
2015-09-30	15.2542762878213	15.0108296134704	8.84228138074013	2.75067521796816	13.9526875	22.763289	7.76692	3.31593	8.25071931030017	2.09239168969984	55.81075	6.38816518402325	5.3398213126897	17.0395071421994	71.2325063610877	1.50546362912967
2015-10-30	15.3550679036224	15.0069104548118	8.87170570610125	2.67251343546456	13.9687325	22.621678	7.93422	3.35083	8.2827548564888	1.93558714351121	55.87493	6.55027223806729	5.44804721334767	17.0558295034343	70.9458510451508	1.55477100693242
2015-11-30	15.5145745494739	15.1558399155269	8.94369262797147	2.65218040702776	14.0887625	22.412138	7.96294	3.26748	8.06685771314957	1.93553428685041	56.35505	6.36543887323105	5.35340757216394	17.247055475128	71.034098079477	1.51461199003449
2015-12-31	15.1327069284962	15.0591213544445	8.92921565321886	2.7406710638405	13.953905	22.260959	8.09765	3.63062	8.21829412721827	1.97685687278172	55.81562	6.25913698212809	5.3456444177749	17.3040347875139	71.0911838125832	1.50132669142699
2016-01-29	14.9763398312808	15.2040009387509	9.25251035171294	2.77591887825534	14.06959	22.14192	7.91511	3.41411	8.15926555463822	2.09123444536178	56.27836	6.09511654114439	5.27899273122171	17.2113755437042	71.4145151839298	1.51028314846888
2016-02-29	15.0138043323893	15.2651522622492	9.38802620850776	2.77991969685369	14.1489675	21.895871	7.77499	3.3859	8.24155026638285	2.10581873361715	56.59587	6.0630211868882	5.15891666236402	17.2468808416992	71.5311813090486	1.48805173970903
2016-03-31	14.9161664715691	15.1219317006074	9.26590741017633	2.88292441764714	14.06231	21.722434	7.53728	3.55216	8.9553895585173	1.9834964414827	56.24924	6.28187672362477	5.28653807406278	17.4492678142404	70.982317388072	1.59112467484753
2016-04-29	14.7320925676322	15.1914391860133	9.21630801761325	2.81185272874124	13.9838975	21.850186	7.78918	3.49841	8.95017993489503	1.97645406510496	55.93559	6.45402145748269	5.3410754517265	17.540929606902	70.6639734838888	1.56445574830889
2016-05-31	14.9521049088082	15.3904419830611	9.33972827831385	2.8329373298169	14.1717375	21.621477	7.73688	3.46859	8.53428107059777	1.95182192940223	56.68695	6.37890660500061	5.36277328650099	17.6120350459989	70.6462850624995	1.49635463620521
2016-06-30	14.9081257980173	15.2962344989649	9.29108555513317	3.05383914788466	14.183095	20.919242	7.62789	3.79329	8.96884005151176	1.95835794848824	56.73238	6.28959341138449	5.35293028405113	17.6847554079249	70.6727208966395	1.5322069950278
2016-07-29	15.0011050964401	15.0842350044309	9.15437553650119	3.08129186262777	14.1070025	20.899549	7.79239	3.78363	9.20592966632201	1.89049133367798	56.42801	6.38725971364986	5.40056580045075	17.7673890756869	70.4447854102124	1.56152726178288
2016-08-31	14.9807669921059	15.181418938916	9.09244834962524	2.9790807193528	14.077905	20.865819	7.83044	3.98087	9.11980745098562	1.8914435490144	56.31162	6.36392160666803	5.39854669168069	18.0013285552543	70.2362031463969	1.60836472237523
2016-09-30	15.195562591849	15.1421096503999	9.15755868806861	2.43093906968253	13.97539	20.95652	7.89276	4.10847	9.23459201630865	1.90609798369135	55.90156	6.20813317849535	5.36583208524951	18.06018349859	70.3658512376651	1.623728098825
2016-10-31	15.1420292179313	15.2274266333341	9.18554768409054	2.34218646464406	13.96573	20.515991	8.15278	4.11617	9.40619644538085	1.94594255461916	55.86292	6.21966805968451	5.34606372225184	18.0307191382578	70.4035490798058	1.59594549410886
2016-11-30	15.4964020025724	15.9513502630661	9.34797733656852	2.18946289779298	14.3283975	19.920884	7.91096	4.06832	8.90105882119469	1.8851871788053	57.31359	6.2187277152847	5.24644712599508	18.0349566098952	70.499868548825	1.54565442790741
2016-12-30	15.3912424678949	16.2231035579559	8.91730049668503	2.26414097746411	14.2652625	20.490029	7.83235	3.83232	8.93281347141235	1.85143752858766	57.06105	6.30373063247735	5.28760922307285	18.0831413124434	70.3255188320064	1.51125294133053
2017-01-31	15.5997156589464	15.9224937199931	8.77855114831037	2.24223947275011	14.181	20.345281	7.91462	3.99574	9.20439300737781	1.8159659926222	56.724	6.257679918358	5.36704280003108	18.0474062735814	70.3278710080295	1.58601514723103
2017-02-28	15.7369709574512	15.9688037468556	8.8686412395705	2.25739405612269	14.27727	20.044026	7.79088	4.01068	9.29349399057437	1.75184000942562	57.10908	6.3062906267382	5.39562868214336	18.0650439224993	70.2330367686192	1.5916007512175
2017-03-31	15.7038318785494	15.568015795208	8.74151879354288	2.3118110326998	14.1083925	20.648422	7.61811	4.09254	9.44580559086561	1.7615524091344	56.43357	6.23379198523459	5.43059002027548	18.1052295044921	70.2303884899979	1.65375981645865
2017-04-28	15.8299832609398	15.3088908944054	8.61959945297447	2.29481389168026	14.0177625	21.004863	7.59211	4.14738	9.43898948132079	1.74560751867921	56.07105	6.27271734279168	5.48266729130193	18.1197329278941	70.1248824380123	1.64738541025846
2017-05-31	15.8788314782579	14.9692771097787	8.55891358059144	2.28453283137194	13.897185	21.469226	7.67122	4.25089	9.29303414501748	1.72688985498251	55.58874	6.21338306952582	5.54886608476029	18.1695382572787	70.0682125884351	1.74459184339406
2017-06-30	15.4908697932952	15.1113508078354	8.89576200388564	2.31677489498379	13.9382525	21.046553	7.73145	4.29658	9.45608686252487	1.71632013747512	55.75301	6.23228487244731	5.62215898467012	18.3131401275584	69.8324160153242	1.75959120350701
2017-07-31	15.5264132894254	14.890364147724	8.74742332436741	2.31010173848317	13.8247675	21.180378	7.68721	4.47081	9.67452782232338	1.68800417767664	55.29907	6.25853250050973	5.6807923472826	18.3208699231508	69.7398052290569	1.7682774274802
2017-08-31	15.7016880726683	14.6754989754553	8.72798266965375	2.33129528222273	13.812155	21.109266	7.67342	4.60989	9.67122807807186	1.68757592192813	55.24862	6.18171153689263	5.70417342366567	18.4294502974618	69.6846647419799	1.72541735895137
2017-09-29	15.5403438422698	14.8185737846841	8.81744776917633	2.27371210386978	13.8166925	21.491303	7.63989	4.56078	9.38169024836426	1.65956675163575	55.26677	6.2550280491818	5.72927430318511	18.4503439367736	69.5653537108595	1.72988203984861
2017-10-31	15.7445337407111	14.6974918085005	8.75119737642163	2.23708457436675	13.8101025	21.167476	7.86103	4.60494	9.50180533511541	1.6243386648846	55.24041	6.19545351013481	5.69627785251412	18.5684949072971	69.539773730054	1.83563361869326
2017-11-30	15.8666878516769	14.8135120462658	8.84921021930303	2.25848988275435	13.9293	20.810441	7.95244	4.61127	9.3285567815564	1.58009221844359	55.7172	6.26291143600682	5.73803055365511	18.5598432571191	69.439214753219	1.80289864151532
2017-12-29	15.2633273040601	14.9677079787492	9.04806193156652	2.22096028562423	13.8333525	20.854074	7.88701	4.68406	9.6768395711115	1.5646064288885	55.33341	6.25127304213878	5.74064276124525	18.618618438741	69.389465757875	1.82079923233029
2018-01-31	15.6297107600142	14.781977790244	8.95014058851793	2.05442336122388	13.8054175	20.801653	7.81452	4.91026	9.7704138691054	1.4814831308946	55.22167	6.37805697788184	5.9028847101484	18.4854796699381	69.2335786420317	1.78787846297415
2018-02-28	15.9619976133119	14.6667934983957	8.92473398158307	1.9914949067093	13.84834	20.413312	8.04368	4.8444	9.76443627661099	1.54081172338901	55.39336	6.28898235882951	5.89771486582211	18.3869398955805	69.4263628797679	1.74962930633573
2018-03-30	15.7994266119756	14.5528597394853	8.92033844303402	2.11481270550502	13.7958125	20.646474	8.01617	4.82075	9.74574277987715	1.58761322012286	55.18325	6.24030505396691	5.88923771981441	18.3365286732317	69.5339285529869	1.84118171693982
2018-04-30	15.8262631189872	14.4950657199878	8.8297782930821	2.09344036794288	13.7481825	20.92839	8.0111	4.81696	9.66874452322482	1.58207547677518	54.99273	6.22221071217555	5.11262754377296	18.4504984461834	70.2146632978681	1.87702305299948
2018-05-31	16.5912035381582	14.6150416897169	8.94401708567678	2.08976768644808	14.08001	20.117545	7.94521	4.87892	9.19000166537666	1.54828333462334	56.32004	6.09924216439132	4.94638991489863	18.4645659746213	70.4898019460888	1.78277401072695
2018-06-29	16.4110667586461	15.6731888660552	8.28922010294659	2.1595792723521	14.177685	20.092727	7.61493	4.94017	9.09625221030532	1.54518078969469	56.71074	6.1052349894219	4.91780963230845	18.4059183797738	70.5710369984959	1.69025574683485
2018-07-31	16.391810098919	15.8605240947595	8.37738157024904	2.1093417360725	14.2463525	20.173352	7.43144	4.70513	9.21046421632013	1.49420378367988	56.98541	6.01153762975338	4.92949796215316	18.5114612079187	70.5475032001747	1.61410211516834
2018-08-31	17.1770345528449	15.9782581034213	8.46137714976641	2.07649269396738	14.5643875	19.434688	7.39634	4.5218	8.94084701968245	1.44877498031756	58.25755	5.95491672259088	4.80307898311555	18.6449021499383	70.5971021443553	1.63497453259277
2018-09-28	17.1476953922295	15.9092850623704	8.50697211119397	2.01186493420613	14.5252725	19.463041	7.57312	4.51522	8.89635585108388	1.45117314891613	58.10109	6.02609383613341	4.89820582816337	18.6563171309891	70.4193832047141	1.64692328838574
2018-10-31	16.6773533696262	16.3289958131713	8.77123525154162	2.12232306566093	14.6333025	19.278805	7.50594	4.33054	8.79301541116302	1.55848958883698	58.53321	5.85138904019517	4.81753385419741	18.5459118529379	70.7851652526695	1.52666854809424
2018-11-30	16.4604134942175	16.3859018896179	8.92772305016856	2.23407906599608	14.6693725	18.841559	7.44691	4.5911	8.90651097271441	1.5364300272856	58.67749	5.7099181857045	4.79889569642859	18.4887555678022	71.0024305500648	1.55967201123318
2018-12-31	15.7239155423926	16.0621590259988	8.96088611805957	2.27321181354903	14.3400575	19.218841	7.57703	4.80595	9.34035360339869	1.69759539660131	57.36023	5.50846839824051	4.75095199374796	18.3800562808183	71.3605233271933	1.63256351158042
2019-01-31	16.0404935563634	16.0391955786449	8.80113444987821	2.33063641511349	14.40382	18.969435	7.5071	4.91252	9.42487183804446	1.57079316195555	57.61528	5.55570963237669	4.79497086570933	18.4504560863389	71.1988634155751	1.66924802943314
2019-02-28	16.1771789802082	16.0871887668542	8.91509445401513	2.28141779892245	14.48696	19.081861	7.31821	4.98571	9.14300048086131	1.52337851913871	57.94784	5.61872746500655	4.80135443456001	18.5096987571935	71.07021934324	1.59646021154273
2019-03-29	16.4735151340461	15.9132265172874	8.8240965424269	2.3596768062395	14.523505	18.963856	7.22798	5.11569	9.09147491754305	1.50697908245695	58.09402	5.5517533981918	4.75484172720379	18.6101290675399	71.0832758070645	1.52802485240456
2019-04-30	16.8323360721867	16.0049923223413	8.73941563920464	2.25723846626729	14.6113275	18.922484	7.10005	5.05356	9.02860162728333	1.44999437271667	58.44531	5.53605856697766	4.71251812446737	18.7097060980449	71.0417172105101	1.48656111873666
2019-05-31	16.0598897030258	15.8255678784953	9.1527026265335	2.50872229194544	14.5156275	18.813192	7.25754	4.87659	9.44159710759486	1.54857089240515	58.06251	5.39589993463586	4.63745232059433	18.7657108115288	71.200936933241	1.43082722880404
2019-06-28	16.2629726963934	15.9101544993863	9.19075849837305	2.38476930584734	14.582885	18.843221	7.06869	4.91146	9.39712292669558	1.44796607330441	58.33154	5.45508664006163	4.73182308810341	18.8793759156442	70.9337143561907	1.45907374452575
2019-07-31	16.5387700939058	16.0544376691178	9.22544958537972	2.39965515159673	14.7394375	18.44984	7.06994	4.83192	9.26113399293508	1.42941600706492	58.95775	5.3485337469935	4.77780116585163	18.8276591639526	71.0460059232022	1.36717763480873
2019-08-30	16.6145835504248	15.8445879330862	9.25766979748929	2.59065371899968	14.769165	18.382715	7.16842	4.82125	9.08734824864397	1.46360675135603	59.07666	5.21116073283199	4.62355415414983	18.935605068346	71.2296800446721	1.33102611666617
2019-09-30	16.2605967985109	16.0023430557577	9.35744334076562	2.56789930496578	14.7294275	18.584291	7.26712	4.70934	9.08158346747172	1.43995553252828	58.91771	5.21804110613372	4.63743474860028	18.9662895119531	71.1782346333129	1.39622648368161
2019-10-31	16.3347014152697	15.8207608584214	9.18648634713239	2.52628637917645	14.622745	18.659444	7.42047	4.79167	9.22648653853727	1.41094946146275	58.49098	5.24721115015688	4.69173577346746	18.8359367866084	71.2251162897672	1.42207795586371
2019-11-29	16.4035736892068	16.3365169532431	8.97415544272497	2.48346391482516	14.73257	18.358215	7.27061	5.01808	9.06137866850405	1.36143633149595	58.93028	5.26237709761673	4.66797408525819	18.8775530906888	71.1920957264363	1.36113310906772
2019-12-31	16.3759143609189	16.2341922331034	8.87876426948583	2.42363663649185	14.6375025	18.42997	7.16942	5.21004	9.31566651497308	1.32489348502691	58.55001	5.46455912607177	4.76567616507708	18.7743303285148	70.9954343803364	1.43307467694862
2020-01-31	17.0920389316271	16.0528534545154	8.83772709766787	2.46564301618968	14.8160875	18.170565	7.14809	5.022768	9.07009655205924	1.32413044794076	59.26435	5.37794679459274	4.76183788197811	18.8078322346481	71.052383088781	1.37207676298567
2020-02-28	17.3832321207471	15.7666303596515	8.72702311525263	2.51045440434877	14.79578	17.945155	7.06951	5.49295	8.86446781078849	1.44479718921152	59.18312	5.21745826547012	4.63846661778344	18.7876571078802	71.3564180088663	1.3850637651986
2020-03-31	17.9958263087381	15.2460258104378	8.84414085129787	2.43106702952623	14.83902	17.751054	7.53014	5.95352	7.7446920555629	1.6645139444371	59.35608	4.77730665017965	4.18642905935968	17.9832533475807	73.05301094288	1.42235741224014
2020-04-30	18.8642824719049	15.3843993523513	8.88144574280515	2.34561243293871	15.15858	16.957852	7.15295	5.73652	8.04581068699777	1.47254731300224	60.63432	5.14023872085861	4.07204210161068	18.5268070094825	72.2609121680482	1.39172053431447
2020-05-08	19.3929849261124	15.2562178225415	8.82534003355143	2.2873972177947	15.25398	16.847443	7.1379	5.70921	7.83005387545345	1.45947312454656	61.01592	5.18216377297299	4.12176959616334	18.4136928529201	72.2823737779436	1.37838222857204
2020-05-15	19.7085319494307	15.0374249005334	8.88202958127559	2.16874606876025	15.2655775	16.538632	7.22656	5.82213	7.85496630238751	1.49540169761248	61.06231	5.14358542608598	4.12890595800262	18.4446928847078	72.2828157312036	1.38293220826084
2020-05-22	19.8091235772878	15.1286033072347	8.83277283053809	2.22552278493946	15.3320075	16.74648	7.11968	5.481455	7.83680594457571	1.48754905542429	61.32803	5.236111556462	4.2144885436764	18.5835839798902	71.9658159199714	1.37073710624156
2020-05-29	19.4588300420936	15.1802548594721	8.83895854241815	2.27944905601619	15.2524975	16.990671	7.27636	5.384198	7.92298731582539	1.41579368417461	61.00999	5.3193184186707	4.25670501513715	18.6340102773875	71.7899662888047	1.36672
2020-06-05	17.1226845826119	16.8455234037207	8.92697093392089	2.30872357974652	15.0679675	17.537136	6.92142	5.648581	8.13212223970846	1.48887076029154	60.27187	5.53747885745183	4.36393118825393	18.9619254882203	71.1366644660739	1.42138
2020-06-12	17.5109741638979	16.3873005223189	8.7560088389312	2.32019397485204	14.9914925	17.184815	7.20588	5.854605	8.39962764069607	1.38910235930393	59.96597	5.43001060347135	4.32065386119749	18.9728325738286	71.2765029615026	1.4429
2020-06-19	17.8074502883048	16.2333104110231	8.71270089588646	2.25863590478563	15.0040325	17.292137	7.13099	5.91277	8.2971883994062	1.35078460059381	60.01613	5.44676244762995	4.32874397325613	19.0685458907326	71.1559476883813	1.41738
2020-06-26	17.8965796287475	15.9626814678497	8.58877918423709	2.22993221916577	14.8926575	17.344873	7.23941	6.041737	8.5022472000783	1.30110279992169	59.57063	5.39289700455135	4.32103287468326	19.0481883651082	71.2378817556572	1.45932
2020-07-03	18.2104699393278	15.9833958475324	8.59978059251012	2.25659612062962	15.0167475	17.160255	6.90759	6.112253	8.47507062908227	1.27784137091774	60.06699	5.47550872775624	4.3132632018805	19.0598254575797	71.1514026127835	1.42327
2020-07-10	18.6617329114354	15.8237104662802	8.49213241684351	2.16922920544087	15.048935	17.048377	6.77715	6.372714	8.40987802611208	1.19614097388789	60.19574	5.47341973240881	4.30858209450968	19.1191221841313	71.0988759889502	1.3853
2020-07-17	18.2491675550409	16.1178722809327	8.6561194804656	2.15336068356079	15.05884	17.28278	6.81962	6.039226	8.40636612814453	1.21664787185546	60.23536	5.51140315743866	4.327147612437	19.1618122341058	70.9996369960185	1.40007
2020-07-24	18.1492378167829	16.1152565612482	8.62401441604298	2.14860870592594	15.0123725	17.314208	6.90236	5.995779	8.49380758754516	1.24435541245484	60.04949	5.56204149501996	4.36426689738691	19.2266774975234	70.8470141100697	1.39601
2020-07-31	18.7432026503245	16.0170365642513	8.56876954150895	2.19729624391523	15.175435	16.932289	6.53652	6.046759	8.61300860828608	1.16968339171393	60.70174	5.63049593683871	4.38420433603624	19.1307660910484	70.8545336360766	1.44033
2020-08-07	18.8212915550602	16.0898236315072	8.58039306912501	2.16040674430765	15.217305	16.863647	6.60499	5.993066	8.49030007100312	1.17877692899688	60.86922	5.6528582692566	4.41725177021004	19.1611337802499	70.7687561802834	1.48019
2020-08-14	18.7079621643634	16.0834511874173	8.56150357490983	2.10696807330946	15.153295	16.957371	6.81379	5.940241	8.47804672306834	1.19737127693166	60.61318	5.70039168838119	4.45796024414269	19.0738677556624	70.7677803118137	1.49293
2020-08-21	19.2884000048533	15.8746341345461	8.50964815681829	2.08615270378234	15.252945	16.701335	6.74452	6.040591	8.38628906353538	1.11548493646462	61.01178	5.68468644399907	4.44276934577956	19.0755761184382	70.7969680917832	1.42459
2020-08-28	19.5528222549608	15.9035580250373	8.44825087875498	2.05847384124699	15.321035	16.582394	6.60994	6.102072	8.32966531465555	1.09178868534446	61.28414	5.76144607166896	4.47160574985811	19.0075442862984	70.7594038921745	1.41577
2020-09-04	19.2752924289385	15.9870427969835	8.4548772202807	2.10778005379734	15.2749975	16.532172	6.72688	6.124375	8.45535227579044	1.06123072420957	61.09999	5.78766435229247	4.4432070344137	19.0538494681154	70.7152791451784	1.45634
2020-09-11	18.7501280444795	15.9159176960451	8.43813312654164	2.12859113293374	15.07759	17.078223	6.87811	6.069484	8.64194804949573	1.02187495050427	60.31036	5.76462617066649	4.42801865782989	19.0650924095388	70.7422627619648	1.50634
2020-09-18	18.494230581386	15.9212616957197	8.44302943944207	2.12767828345223	14.9954	17.116568	7.00635	6.140671	8.70080221828915	1.05400878171084	59.9816	5.77737402993108	4.42294587607916	19.0839047616475	70.7157753323423	1.55055
2020-09-25	19.2267890320385	15.8759686748987	8.45850448193211	2.09507031113068	15.2187775	16.514871	7.03555	6.038251	8.56438703898732	0.971830961012669	60.87511	5.68095766488573	4.35858095448363	19.0387058871331	70.9217554934975	1.49589
2020-10-02	19.1935430827094	15.8828998315115	8.43316766072425	2.16126442505485	15.223625	16.693236	6.83872	6.070667	8.57636513623568	0.926511863764334	60.8945	5.69702563418673	4.36816126079954	18.9217256321795	71.0130874728342	1.50168
2020-10-09	19.3482001114818	15.89487892779	8.43655609279467	2.10530736793358	15.2616475	16.590513	6.73521	6.07782	8.60706773529063	0.942799264709377	61.04659	5.77286117459428	4.42571974579295	18.9459608218301	70.8554582577826	1.50979
2020-10-16	19.5323876325911	15.9258417016801	8.4714363986003	2.05197176712853	15.3272125	16.375134	6.65591	6.190275	8.54732573144241	0.922505268557588	61.30885	5.7432471778717	4.41108108943295	18.98221858833	70.8634531443653	1.49656
2020-10-23	19.4082475237841	15.9294149574504	8.41762784761973	2.04255217114574	15.2659475	16.357778	6.73652	6.235972	8.67399450171238	0.931945498287613	61.06379	5.78788267181329	4.4176939237755	18.9626499277212	70.83177347669	1.53086
2020-10-30	19.2602102188218	15.8487594539032	8.41603116447837	2.0743466627966	15.1997825	16.061018	6.94101	6.510606	8.72211751756275	0.966118482437244	60.79913	5.72535414404681	4.38636937332023	18.9571389584036	70.9311375242294	1.5456
2020-11-06	19.747452438752	15.5917763414835	8.24093388932024	2.01253233044432	15.197565	16.267915	6.86554	6.419911	8.78178316492456	0.87459083507544	60.79026	5.8127314233637	4.46357536197378	19.0211604662647	70.7025327483979	1.55306
2020-11-13	18.9702080094638	15.9933686702544	8.35069184204525	2.07906147823651	15.13111	16.683531	6.82653	6.201837	8.76683292269222	0.996829077307762	60.52444	5.84659081282922	4.50445038023914	19.0260420270318	70.6229167798998	1.57671
2020-11-20	18.819260270509	15.9340923229937	8.25771092950133	2.05126147699597	15.020775	16.838484	6.86985	6.241577	8.91793680610227	1.04905219389773	60.0831	5.84892070221748	4.50182686141318	19.1092125843059	70.5400398520635	1.60602
2020-11-27	18.8499390108638	16.039838960378	8.2539229450911	1.99409658366705	15.0459325	16.756283	6.94503	6.154862	8.851206117042	1.108888882958	60.18373	5.89752151847881	4.52239825331592	19.1153213768003	70.464758851405	1.64686
2020-12-04	17.1139810713711	17.6866023371964	8.38853136488187	1.95088022655066	15.046665	16.718873	6.71408	6.05819	9.21047662810803	1.11172037189197	60.18666	5.93899958379817	4.5438429692902	18.9703744905509	70.5467829563607	1.73298
2020-12-11	17.0953184885441	17.6210250034825	8.40340465111488	1.91279435685858	15.0108475	16.598574	6.78936	6.029131	9.40558638143468	1.1339586185653	60.04339	5.92414674024977	4.53719003267415	18.9598619402722	70.5788012868039	1.75471
2020-12-18	17.3696981125989	17.4532714861908	8.30255087097298	1.88644203023733	15.0039875	16.735272	6.76552	6.021956	9.39268964987496	1.06861235012504	60.01595	5.96390407879561	4.57554406697962	18.9535578498026	70.5069940044221	1.70548
2020-12-25	17.4945149310511	17.4736969046364	8.26783575669644	1.88663740761609	15.040895	16.704882	6.71524	5.924456	9.44423552765826	1.04760647234175	60.16358	5.95275509738555	4.56427491482745	18.9709600757482	70.5120099120388	1.74806
2021-01-01	17.3897220422255	17.4457512546033	8.25013715957513	1.89662204359613	14.9940775	16.668239	6.76453	6.071448	9.4879775514179	1.03149544858209	59.97631	6.0007531756485	4.61403677838909	18.8636228936036	70.5215871523588	1.79179
2021-01-08	17.2442972529867	17.4827611831758	8.1627541256845	1.811417438153	14.90041	16.779084	6.74556	6.1026	9.65139245414155	1.11972354585846	59.60164	6.07256698682923	4.64196063612004	18.7787638967576	70.5067084802931	1.92118
2021-01-15	16.8863434555038	17.6075711602307	8.26004013435611	1.86851024990933	14.874155	16.628571	6.84164	6.202429	9.65191844396408	1.17882155603593	59.49662	6.04595658586773	4.5962642275477	18.8207567650303	70.5370224215543	1.88538
2021-01-22	17.4133961179248	17.3174170775774	8.13054830327612	1.85942850122171	14.90693	16.486508	6.74328	6.42104	9.58365053545206	1.13780146454795	59.62772	6.060404556137	4.60814534346726	18.8054902074343	70.5259598929614	1.8746
2021-01-29	17.3900180594668	17.3273314122353	8.18275245030076	1.91677807799717	14.93896	16.516704	6.74119	6.374668	9.51000625354559	1.10159174645441	59.75584	6.05365968886372	4.61098039438206	18.7876866758235	70.5476732409308	1.81694
2021-02-05	17.7032578603902	17.3399913019819	8.11962261965792	1.88672571796995	15.0165325	16.201391	6.69935	6.438	9.45894107191698	1.13618792808302	60.06613	6.06639033241939	4.65347234832563	18.7556833038715	70.5244540153835	1.81103
2021-02-12	17.680684299109	17.3236009240837	8.03088342785374	1.88164134895358	14.97227	16.229802	6.7776	6.583562	9.35220725366428	1.16774874633573	59.88908	6.09338181078115	4.66653992931424	18.7524954267144	70.4875828331902	1.78821
2021-02-19	17.4212828435808	17.4171503932696	8.03872996337983	1.88216929976983	14.9197775	16.337384	6.76762	6.595831	9.40708367976087	1.21297132023914	59.67911	6.13379684778338	4.66121476901938	18.7367909195107	70.4681974636865	1.79957
2021-03-01	17.3786336493736	17.7605283778381	8.10076319305538	1.86555477973293	15.03516	16.352283	6.66212	6.357164	9.22253914596026	1.26525385403973	60.14064	6.16303073298136	4.6221210509796	18.6360517893611	70.578796426678	1.74194
2021-03-05	16.8164886162949	18.1308326819322	8.26134782656674	1.87455837520609	15.0277425	16.360682	6.64976	6.21797	9.24053412534773	1.42008387465227	60.11097	6.16176734436591	4.59522492070207	18.5793755397115	70.6636321952205	1.78227
2021-03-12	16.8153524658569	18.1932296644708	8.26867578423326	1.92195708543894	15.066405	16.536859	6.61678	6.028151	9.15224578142789	1.40034421857211	60.26562	6.19599791960444	4.61378946136304	18.5305033544743	70.6597092645582	1.74354
2021-03-19	16.6224874124082	18.1844126058555	8.31071078684262	1.92076669489368	15.0127925	16.579882	6.83095	6.048857	9.18318165005259	1.30595934994742	60.05117	6.19619778523784	4.63235232654059	18.5355800746893	70.6358698135323	1.73863
2021-03-26	16.6011026205492	18.4178291441783	8.47486428199474	1.97109145327777	15.1549625	16.513682	6.67629	5.801271	9.05942163532978	1.32948536467023	60.61985	6.17749277001704	4.59526853309023	18.571903812656	70.6553348842368	1.73079
2021-04-02	16.9155779689144	18.2574478820079	8.37889517963643	1.95794396944131	15.169955	16.471477	6.52742	5.8913	9.12544555218755	1.30453744781244	60.67982	6.07534188510842	4.50722007447641	18.5508820113968	70.8665560290183	1.75547
2021-04-09	17.384195223843	18.1720199190574	8.34072139110034	1.9125984659992	15.269845	16.512354	6.42038	5.676924	9.08934967328324	1.22161232671677	61.07938	6.10082037268031	4.53008656667836	18.5468231653597	70.8222698952816	1.73538
2021-04-16	17.4194365060506	18.1225173687694	8.31634462571402	1.93542649946591	15.264575	16.591582	6.37261	5.638695	9.13216387858716	1.20664912141283	61.0583	6.09404788473238	4.55343887370183	18.5556473271604	70.7968659144053	1.74983
2021-04-23	17.3800933865237	18.142052961771	8.31206110999409	1.97672254171121	15.27031	16.585978	6.28632	5.74242	9.11761138899841	1.18643061100158	61.08124	6.09714754569234	4.55597221717234	18.5510324423451	70.7958477947903	1.72996
2021-04-30	17.3641551428346	18.2517536454893	8.31479641819325	2.00406479348277	15.31159	16.542208	6.17739	5.669759	9.13617799838399	1.22810500161601	61.24636	6.11941328754543	4.53125596369248	18.4541450979861	70.895185650776	1.71556
2021-05-07	16.8490281884374	18.5392682639746	8.4451227753198	1.96975577226816	15.267725	16.774999	6.24731	5.508467	9.07099063141596	1.32733336858404	61.0709	6.12707846967883	4.54768482622011	18.47846846151	70.846768242591	1.70458
2021-05-14	16.6847463086282	18.6993155592095	8.5451821213036	1.97755851085873	15.3022675	16.954193	6.13557	5.434202	8.93050351134415	1.33646148865585	61.20907	6.13804798912704	4.55321306678709	18.4617865317731	70.8469524123128	1.68391
2021-05-21	16.6497711343977	18.5228681325421	8.48317256103342	2.00225317202677	15.219355	17.042033	6.21467	5.528814	9.033813473877	1.303249526123	60.87742	6.13645483989939	4.55932396481403	18.4746497687356	70.829571426551	1.68484
2021-05-28	17.1571309352929	18.0206825601419	8.43489331450431	2.00485069006096	15.2058525	16.909702	6.04053	5.738813	9.21150029027698	1.27604470972303	60.82341	6.13507147209168	4.56238034623203	18.5032888889628	70.7992592927135	1.69449
2021-06-04	17.0721573092718	18.0261912782991	8.39928738925717	2.05272902317192	15.183455	16.89359	6.05759	5.704787	9.25862023827247	1.35159276172753	60.73382	6.17828649371254	4.55814657918669	18.4849253307408	70.7786415963599	1.70591
2021-06-11	17.3247347048601	17.8474527854028	8.36295665793896	2.07995335179809	15.2050325	16.950041	5.9952	5.639865	9.25883488192336	1.33592911807664	60.82013	6.16543257389249	4.56586228863763	18.5267148497353	70.7419902877346	1.70874
2021-06-18	17.8304739756314	17.5383510979073	8.25395438986596	2.05829553659533	15.227025	16.720568	6.07883	5.689749	9.31445824786054	1.28829475213946	60.9081	6.12131012583361	4.52445806542663	18.6030143863133	70.7512174224265	1.71848
2021-06-25	17.9413589850549	17.6822166967902	8.26370815526943	2.03068616288552	15.30599	16.691537	5.96281	5.688356	9.09825297896406	1.33508402103593	61.22396	6.17201221202704	4.54520106104258	18.5519488559761	70.7308378709543	1.7103
2021-07-02	18.3460461151551	17.7532641778146	8.32146211478019	1.99630009225018	15.4723575	16.430281	5.89127	5.507734	8.98189359949354	1.29939140050645	61.88943	6.08622910838227	4.49430508610419	18.4286495144002	70.9908162911133	1.6737
2021-07-09	18.5296615032968	17.7527830921133	8.32870155459264	2.04285134999725	15.5513325	16.506471	5.83311	5.299217	8.90379061224832	1.25208138775168	62.20533	6.07386149865098	4.49099867929838	18.4260343617139	71.0091054603368	1.62884
2021-07-16	18.3874125719778	17.6047930239783	8.33552546958153	2.07969643446236	15.4691425	16.423914	5.91962	5.457014	9.15286289308896	1.17001910691105	61.87657	6.05293535718797	4.48595451117186	18.4424331965306	71.0186769351096	1.6762
2021-07-23	18.860842471168	17.6116198578467	8.33038526880067	2.04381740218462	15.615555	16.44742	5.74823	5.219984	8.97998634482099	1.14215965517902	62.46222	6.03598275045354	4.47482348681305	18.4444562487395	71.044737513994	1.6295
2021-07-30	18.6843968287095	17.7342912127973	8.37752665797364	2.05933030051963	15.618515	16.658653	5.80128	4.945531	8.95460615628064	1.16586984371936	62.47406	6.02261529915392	4.47332308367255	18.4624084303316	71.0416531868419	1.60642
2021-08-06	18.7053557083714	17.7144766989169	8.35065130585632	2.04957878685537	15.6066875	16.658326	5.81411	4.896935	9.04541268344332	1.1584663165567	62.42675	6.04440284537593	4.49525208891039	18.3995577497006	71.060787316013	1.64119
2021-08-13	18.5767178314886	17.7914754751628	8.40527586481784	2.03526082853075	15.60291	16.800066	5.87518	4.87336	8.89598612157328	1.14376787842669	62.41164	6.04968878802294	4.49839543713042	18.3953829950312	71.0565327798154	1.52651
2021-08-20	18.8416381327794	17.8861139567936	8.51353663049326	2.05894627993369	15.766745	16.726632	5.75923	4.626672	8.75164157349354	1.06884442650646	63.06698	6.01654148380324	4.48423077739692	18.4069623858036	71.0922653529963	1.48968
2021-08-27	18.8982278612555	17.8334290084513	8.39642123882695	2.01962189146628	15.7159	16.659945	5.774	4.722044	8.85347935545659	1.12693164454341	62.8636	6.06153512769123	4.50933128337203	18.400685968312	71.0284476206247	1.51075
2021-09-03	19.0441748036981	17.512780185279	8.26081644396475	2.09373106705819	15.6371675	16.493729	5.95399	4.886359	9.01402421574098	1.10322778425901	62.54867	6.00223080489037	4.47854677429757	18.3110606272219	71.2081617935902	1.53891
2021-09-10	19.0331662758184	17.4009184821839	8.1903912088596	2.04644153313814	15.5569725	16.441282	6.23876	4.994571	8.99546032000256	1.10203667999744	62.22789	6.00485808152222	4.47267361060641	18.3213292921596	71.2011390157118	1.50208
2021-09-17	19.1032932565269	17.5296716897261	8.17815311922894	2.05152943451809	15.6208825	16.311585	6.31821	4.790599	8.98375722475524	1.11231877524475	62.48353	5.99560258186328	4.45938650333404	18.3384252892095	71.2065856255932	1.51971
2021-09-24	19.1849099203817	17.6372579742471	8.19384038378617	2.01541172158503	15.67714	16.338439	6.24774	4.651848	8.86383538549562	1.18957761450439	62.70856	6.00375789965785	4.43733249276609	18.3413886667856	71.2175209407905	1.51208
2021-10-01	18.9360440221294	17.8679452688899	8.29619911069594	2.01744409828473	15.7058775	16.237197	6.07126	4.79584	8.76380541788678	1.30838758211324	62.82351	5.96202037309413	4.4026884137698	18.2497105705389	71.3855806425972	1.47292
2021-10-08	18.8825104832366	18.0092939012557	8.31355598509177	1.98915463041589	15.731505	16.269992	5.89058	4.845455	8.70812357367327	1.35982942632673	62.92602	5.97042417545011	4.41593054759133	18.2078983584349	71.4057469185237	1.42745
2021-10-15	18.9603535175473	17.9264258309768	8.24235806031446	2.0204750911614	15.7165375	16.382629	5.85996	4.825792	8.71466808419372	1.35080091580628	62.86615	5.95358862471685	4.41896192624766	18.2433570261311	71.3840924229043	1.42811
2021-10-22	19.0070547624524	18.0456062727797	8.22010286958684	2.04862859518112	15.7737975	16.310379	5.7517	4.92685	8.57354048669624	1.34234051330376	63.09519	5.97902941301786	4.41987045755066	18.2305718925146	71.3705282369169	1.41741
2021-10-29	19.493502296869	17.9482637686382	8.19870712478454	2.02847680970826	15.88965	16.229177	5.70839	4.722866	8.46442456271194	1.31654243728806	63.5586	5.93893452233235	4.40322306703658	18.2770464626456	71.3807959479855	1.40496
2021-11-05	19.6590463862964	17.8898345376099	8.2201448261688	2.02992174992495	15.9329825	16.210066	5.77902	4.554929	8.41686332234717	1.30719167765282	63.73193	5.8426997909156	4.34874464961498	18.3138186941179	71.4947368653515	1.37491
2021-11-12	19.5236699947331	17.9292909259859	8.22768340106297	2.03328317821796	15.9046425	16.177884	5.76022	4.686238	8.4686927487294	1.28839525127058	63.61857	5.86607086100775	4.35523617355776	18.2785084137157	71.5001845517187	1.37932
2021-11-19	19.9629369472863	17.7236991112939	8.19558411066646	2.0234298307533	15.96855	16.014107	5.8134	4.619751	8.45695709517769	1.22158490482231	63.8742	5.84327609811431	4.32824265158989	18.2741515390119	71.5543297112839	1.38047
2021-11-26	19.7834948190861	17.9831397626941	8.32316514154188	2.05479277667796	16.0481975	15.7537	5.84688	4.596618	8.33940537345517	1.27060662654482	64.19279	5.77915723895744	4.27225475907363	18.2607924162051	71.6877955857639	1.39592
2021-12-03	18.5334841779448	18.4755120217625	8.81214837306932	2.08432542722335	15.96849	15.860948	5.76426	4.564411	8.63549474968983	1.30092625031017	63.87396	5.6770748735652	4.25972650099412	18.2184143123722	71.8447843130685	1.49225
2021-12-10	18.8201828374055	18.5228341691048	8.77797159291728	2.06445640057244	16.061815	15.844118	5.63283	4.503864	8.47282378121135	1.29910421878865	64.24726	5.75696975535586	4.31199167730771	18.1729399906748	71.7580985766616	1.46915
2021-12-17	18.3632767296487	18.5895676935777	8.90309351494971	2.13767206182384	15.99787	16.017451	5.74604	4.373579	8.61323077927997	1.25821922072004	63.99148	5.73301766962452	4.29080558763588	18.1793057152584	71.7968710274812	1.49713
2021-12-24	18.6619338743917	18.5510427494277	8.86407511306856	2.10307576311205	16.0600425	16.06857	5.61423	4.293998	8.52471143200335	1.25832056799664	64.24017	5.77441587176665	4.30392854758425	18.1538349096	71.7678206710491	1.47022
2021-12-31	18.4532826317232	18.6342590798082	8.9042924489771	2.16251583949149	16.05145	16.163319	5.53998	4.302697	8.52728735830397	1.26091664169604	64.2058	5.72284619720319	4.27585778377355	18.0773702475248	71.9239257714984	1.43293
2022-01-07	17.7083114436988	18.960981909867	9.06955199862513	2.09865964780908	15.945835	16.358337	5.62051	4.312522	8.49966315520017	1.42562784479985	63.78334	5.76545513974055	4.29259125969812	18.0320296172203	71.909923983341	1.42761
2022-01-14	17.5676492732145	18.9352189633707	9.06185271948555	2.0697215439292	15.8781475	16.320355	5.6413	4.425887	8.59536057095396	1.50450742904604	63.51259	5.77414065826071	4.27790755980364	18.0132754332762	71.9346763486594	1.43227
2022-01-21	16.9396101206398	18.8109467895914	9.06002982474799	2.12985076502085	15.6468125	16.684939	5.74868	4.704489	8.72737572580168	1.54726627419833	62.58725	5.74580131380722	4.2663923850728	17.9897399040167	71.9980663971033	1.44365
2022-01-28	17.3082122926357	19.1039411500376	9.19781621673372	2.10986034059295	15.90661	16.31303	5.57945	4.408072	8.39586016839223	1.67714783160779	63.62644	5.69590086034788	4.25530468699822	17.937805278218	72.1109891744359	1.37698
2022-02-04	17.4369745916236	19.046936618146	9.08778506562265	2.07317872460778	15.881625	16.18348	5.61074	4.510001	8.50685330209089	1.66242569790911	63.5265	5.66018781224254	4.26592331428144	17.8769969047699	72.1968919687061	1.39031
2022-02-11	17.0595555370622	18.985285560076	9.02063082742476	2.05973557543704	15.7084025	16.461832	5.69736	4.597209	8.68724706144926	1.72274193855073	62.83361	5.64829402907863	4.24537232523056	17.8771311729568	72.2292024727341	1.40596
2022-02-18	16.9481557551765	18.9800260033977	9.08606395589692	2.05690928552892	15.690385	16.351428	5.70466	4.612898	8.88160222762016	1.68787177237983	62.76154	5.63478386048161	4.23596256545594	17.7967803929459	72.3324731811165	1.44123
2022-02-25	17.28023877129	19.2490066962631	9.19716038651792	2.08821664592897	15.9382075	16.077536	5.5783	4.373028	8.52055816232551	1.69774783767449	63.75283	5.63922983122001	4.1434652322686	17.7728013448648	72.4445035916466	1.39927
2022-03-04	17.1917822956285	19.6138345490885	9.41720737978041	2.19555577550266	16.13946	14.946715	5.67203	4.330382	8.61307452561544	1.87995847438456	64.55784	5.46449146093724	3.91422104048402	17.7742292219859	72.8470582765929	1.44324
2022-03-11	16.9636916169481	19.6171773543158	9.35909980294142	2.22239122579475	16.05412	15.696907	5.5547	4.08177	8.47726273244435	1.97288026755564	64.21648	5.49215330678072	3.94462301818742	17.6343568075356	72.9288668674963	1.42589
2022-03-18	17.5593094159634	19.4231224307528	9.25297071901322	2.14450243427058	16.126635	15.752439	5.48825	4.049771	8.41085161881088	1.79214838118913	64.50654	5.53863299289332	4.02980150817888	17.7217275236149	72.7098379753129	1.40601
2022-03-25	17.7431961182273	19.499043668741	9.29202069659634	2.11206701643543	16.2154425	15.446865	5.52001	3.954442	8.32311476169437	1.89379823830562	64.86177	5.61606480808833	4.05995164095167	17.724488579734	72.599494971226	1.3749
2022-04-01	17.819442113818	19.2872173545632	9.20873952317164	2.19759350844714	16.1709975	15.613431	5.36156	4.050619	8.44710531770652	1.84329468229348	64.68399	5.43862270067423	3.94758509091227	17.9039925794475	72.709799628966	1.3759
2022-04-08	17.3424585063379	19.5518615700368	9.3820600084341	2.24455491519115	16.173645	15.715111	5.24003	4.048626	8.3710905617278	1.9305624382722	64.69458	5.48004652599665	3.96193679865691	17.8445084088952	72.7135082664512	1.35977
2022-04-15	17.0448224853875	19.6514706923389	9.42860841002888	2.25504091224473	16.1266475	15.797906	5.2684	4.05825	8.39380476915348	1.97504923084651	64.50659	5.48621825014245	3.9515878770134	17.77364309503	72.7885507778142	1.37097
2022-04-22	16.6649501086608	19.7327688032116	9.48675334006563	2.34940024806201	16.0779575	15.999991	5.33153	3.925633	8.4867208425092	1.9442951574908	64.31183	5.49711855228337	3.94280336747047	17.7372974725525	72.8227806076937	1.3995
2022-04-29	16.5098435661	19.6346222986211	9.49614875153047	2.29409788374841	15.9782375	16.002545	5.40357	4.190918	8.50486407677878	1.98515292322123	63.91295	5.42405939201106	3.88341613670729	17.7028602916177	72.989664179664	1.41789
2022-05-06	16.4315520330671	20.0692221393085	9.70524362937564	2.23570969824878	16.1472425	15.583746	5.49966	3.995209	8.13611590241255	2.19629909758742	64.58897	5.32595918746526	3.84932578333301	17.7157583075269	73.1089567216748	1.3974
2022-05-13	16.1848810275948	20.1235206140278	9.82283121958415	2.21114963879331	16.1141275	15.774361	5.50787	4.069052	8.00885542276598	2.18335157723401	64.45651	5.22845229769736	3.79349826887007	17.6995895216117	73.2784599118209	1.40462
2022-05-20	15.6941356521923	19.8664387653564	9.71705078765575	2.24397979479559	15.840535	16.100895	5.67643	4.298799	8.28715430450007	2.27458169549992	63.36214	5.18911144876242	3.7745691056322	17.6767816708285	73.3595377747769	1.46308
2022-05-27	16.0858176809678	20.0959955896728	9.75035494457658	2.22752928478281	16.0532325	16.027581	5.47851	4.073225	7.90429606062142	2.30345793937859	64.21293	5.27662999641008	3.8192066616779	17.7630597152175	73.1411036266946	1.39709
2022-06-03	17.2711395760957	18.7443489507676	9.65768122013244	2.23098775300425	15.9680525	15.95454	5.40991	4.300146	8.0107966001219	2.45239739987812	63.87221	5.2025888337564	3.80503842075648	17.6664288075886	73.3259439378985	1.44455
2022-06-10	16.996156904162	18.7007401345297	9.68112743937835	2.21147802192995	15.8631675	15.773738	5.54007	4.729662	7.94505462867046	2.55880537132954	63.45267	5.16018027519553	3.76682787973291	17.6565697439499	73.4164221011217	1.43757
2022-06-17	17.0802740933842	18.4872945016121	9.6952303706563	2.22322603434746	15.828675	15.863945	5.48884	4.863195	8.2145206298186	2.25479937018139	63.3147	5.06124286838298	3.71051688910771	17.6472475379976	73.5809927045117	1.41507
2022-06-24	17.6127250230984	18.5649674527318	9.77862252959021	2.24337249457965	16.0665625	15.636735	5.32416	4.829912	7.86060881221122	2.08233418778877	64.26625	5.04373931956876	3.7036279729515	17.6231956841128	73.629437023367	1.30564
2022-07-01	17.2159397994848	18.7786066856936	9.88892900292115	2.28461451190044	16.05603	15.560496	5.37732	4.942339	7.73425403472028	2.16147096527972	64.22412	4.86838617397534	3.64549291328712	17.5360299671059	73.9500909456317	1.29829
2022-07-08	17.7883643882677	18.5598019235294	9.7943320883584	2.2194215998445	16.12064	15.367361	5.38813	4.854579	7.83997671844005	2.06739328155993	64.48256	4.93042030765896	3.63157907377436	17.5697523408854	73.8682482776813	1.30782
2022-07-15	17.7441944873767	18.7030879088458	9.89273226610824	2.23402783766934	16.1913475	15.355977	5.39699	4.595972	7.85846379326762	2.02720720673239	64.76539	4.8748327018873	3.53781873634503	17.6152557684047	73.972092793363	1.29874
2022-07-22	17.9317096498545	18.5023636836471	9.68495419116834	2.25660997533005	16.1252125	15.51437	5.5088	4.496337	7.93150971076246	2.04813328923757	64.50085	4.94375116260069	3.5836137043934	17.647309240189	73.825325892817	1.30893
2022-07-29	18.3247449764461	18.5921226954006	9.62771242997608	2.2666498981772	16.27041	15.417752	5.38513	4.223591	7.72432494093769	2.1675620590623	65.08164	4.97239104240773	3.62409014805211	17.6263739992704	73.7771448102698	1.30376
2022-08-05	18.6323971226515	18.4601311329963	9.62880964938032	2.21895209497191	16.31343	15.228618	5.32385	4.213443	7.97074979065932	2.00961920934069	65.25372	4.93616678994478	3.63101277160996	17.6313987296079	73.8014217088373	1.31834
2022-08-12	18.6989086534617	18.6170070763967	9.63178135274906	2.2373179173926	16.395005	15.087261	5.31263	4.095581	7.83887861243919	2.08562938756081	65.58002	4.97638380467865	3.67884825115152	17.6590131879813	73.6857547561885	1.28523
2022-08-19	18.5247925934273	18.7791970920771	9.75803689045163	2.22460592404391	16.4288775	14.939665	5.32726	4.082376	7.79640041164321	2.1387885883568	65.71551	4.94828489949653	3.64192037278926	17.6473769241889	73.7624178035253	1.27029
2022-08-26	18.195025987575	18.7350634516851	9.66411671339798	2.22780134734197	16.2740025	14.96826	5.43218	4.306118	7.87728031624584	2.32015168375415	65.09601	4.92667736026997	3.64170709520708	17.6679257838858	73.7636897606372	1.2885
2022-09-02	18.0213082872454	18.7910203557587	9.6644913482688	2.25565250872714	16.2441575	15.121832	5.36509	4.362876	7.85429572978523	2.31927627021478	64.97663	4.85564370744304	3.57907367445473	17.6858593431357	73.8794232749665	1.2627
2022-09-09	18.3727248543797	18.9234291293744	9.7109939286364	2.26560208760955	16.42425	14.906232	5.23343	4.241909	7.67457509287689	2.2468539071231	65.697	4.93444737555912	3.61372024258816	17.6976091387462	73.7542232431066	1.19951
2022-09-16	17.9922126054743	18.9478546164248	9.74128277891234	2.23051499918859	16.303955	15.082118	5.35331	4.242792	7.80424615695203	2.30171384304796	65.21582	4.89802420082362	3.60524956755159	17.6943878662064	73.8023383654185	1.24114
2022-09-23	17.9448793439378	18.9628331985237	9.85025899155596	2.19386096598254	16.3172775	14.697556	5.54658	4.234373	8.05123500694216	2.20114599305786	65.26911	4.85892923215439	3.56550099854486	17.709406106859	73.8661636624418	1.24135
2022-09-30	17.9421471810442	18.9406474977584	9.78710060209233	2.16450971910506	16.278135	15.140275	5.37428	4.211029	7.85021101585165	2.31166498414835	65.11254	4.79932527089614	3.49480030359234	17.5435481834977	74.1623262420139	1.18699
2022-10-07	17.8981981323984	19.0538940037928	9.7330018207474	2.04503104306145	16.243375	15.022001	5.48337	4.219482	7.71833691076666	2.58331008923334	64.9735	4.86105216039429	3.51928197661739	17.5903757621839	74.0292901008044	1.22774
2022-10-14	17.5462486643009	19.2974143495332	9.90208730152815	2.03245718463773	16.2594025	15.257358	5.44968	4.038447	7.63327944464605	2.58362555535394	65.03761	4.86051952946977	3.509255432247	17.5315246926906	74.0987003455927	1.23762
2022-10-21	18.0364788545501	19.5039814230243	9.94830786928822	1.99149935313734	16.4934225	15.041398	5.17514	3.809826	7.33688757129121	2.66305842870878	65.97369	4.91553909424935	3.51559407637772	17.5008609046305	74.0680059247424	1.18785
2022-10-28	17.7821810608791	19.8221502063384	10.1397047369657	2.03621649581677	16.5934175	15.308307	5.15329	3.364046	7.1691689592484	2.6315180407516	66.37367	4.95245543453602	3.55990107548087	17.5204772021589	73.9671662878242	1.19061
2022-11-04	16.8168194304802	19.7990598484498	10.1362245089403	2.0739687121297	16.2753575	15.690683	5.28355	3.770156	7.36115382533459	2.7930271746654	65.10143	4.83004935250034	3.57713541833871	17.5502563573826	74.0425588717783	1.24573
2022-11-11	17.2067603078651	19.3596247783325	9.9222299029102	2.09232751089224	16.1936475	15.895331	5.44224	3.767935	7.43775870908223	2.68214529091777	64.77459	4.84071036602702	3.61827167610215	17.5743428437177	73.9666751141531	1.33543
2022-11-18	16.9756240657315	19.3472487633568	9.97221644190213	2.07199822900965	16.1223625	16.067995	5.38838	3.934035	7.47493847934489	2.64520152065512	64.48945	4.85323740952105	3.6537280351227	17.6659258475689	73.8271087077874	1.29256
2022-11-25	16.8741864030707	19.4128158139291	10.0131616072632	2.08190867573687	16.1273575	16.168484	5.46345	3.762649	7.48153062785953	2.61445637214046	64.50943	4.85634066430173	3.66223725242094	17.7093328970007	73.7720891862766	1.28453
2022-12-02	17.8628810543734	18.7826389883895	9.56496159405318	2.07003336318392	16.093505	16.042664	5.37769	4.018638	7.63066753886382	2.55632046113618	64.37402	4.78161803316253	3.6688167258111	17.8147668044111	73.7347984366153	1.2875
2022-12-09	17.4707547652567	18.571749795695	9.52695725238313	2.10194818666514	15.89047	16.354613	5.47257	4.388746	7.79860807754454	2.42358292245546	63.56188	4.80210259098986	3.69057700261944	17.8394865640633	73.6678338423274	1.29643
2022-12-16	17.3498997486254	18.6452931421219	9.58037157004209	2.09921303921061	15.8915925	16.274606	5.55344	4.370648	7.71657747126168	2.51835852873834	63.56637	4.77361163438673	3.6688664782641	17.8190358444706	73.7384860428786	1.30348
2022-12-23	17.0656851411815	18.8043636325697	9.63615654272683	2.10406468352197	15.87009	16.37584	5.55134	4.348584	7.61242896782751	2.63144703217249	63.48036	4.8249937710646	3.70004472263735	17.7845785269243	73.6903829793737	1.30558
2022-12-30	17.0342834948216	18.8247764777661	9.6205225073322	2.09383252008007	15.857805	16.379842	5.55841	4.398214	7.58647333221213	2.64584066778787	63.43122	4.83150859874984	3.71365949200972	17.7821062035804	73.67272570566	1.27287
2023-01-06	16.7225523624265	18.8291943737977	9.66284154958725	2.11659921418856	15.7770625	16.710933	5.39796	4.603441	7.57721047312962	2.60220552687037	63.10825	4.81463456743699	3.67424785633338	17.8078024420441	73.7033151341855	1.29639
2023-01-13	17.0776989081392	18.4888735905396	9.38363822610517	2.14925677521608	15.6998225	16.804597	5.51106	4.618154	7.6658893501639	2.60100964983608	62.79929	4.85826762028876	3.71015454978157	17.8558007572804	73.5757770726493	1.33229
2023-01-20	17.3391982441302	18.2720816675746	9.21511619416845	2.14867639412676	15.6583575	16.835612	5.48883	4.684572	7.72621701488842	2.63133898511157	62.63343	4.85306605216676	3.73131938977233	17.8562936024973	73.5593209555636	1.34908
2023-01-27	17.6962217452066	18.1821373988887	9.14415384953527	2.15048450636947	15.7243325	16.597182	5.537	4.721103	7.66140440995264	2.58598059004735	62.89733	4.86688433624753	3.73710018536537	17.8767858656036	73.5192296127836	1.38257
2023-02-03	18.1034404895893	18.0874892721205	9.11375957003594	2.14908566825426	15.817925	16.660602	5.40913	4.464071	7.80016435518861	2.39433264481137	63.2717	4.85273862028059	3.7375293339767	17.9141278310376	73.4956042147051	1.36453
2023-02-10	17.9947924698922	18.277171388868	9.16468949752107	2.1324641437187	15.8563725	16.526784	5.51952	4.409361	7.57611831866566	2.54272668133433	63.42549	4.83973693775134	3.71073544129385	17.8818336847406	73.5676939362142	1.33797
2023-02-17	18.0440699598926	18.2393602257389	9.20411446798842	2.11082284638011	15.8661225	16.783163	5.4128	4.320581	7.64691002211833	2.37205597788165	63.46449	4.82780513159082	3.69725172728744	17.8650894039616	73.6098537371602	1.2964
2023-02-24	17.947500432334	18.3213996846768	9.22342635017617	2.08288103281303	15.8584025	16.780738	5.4534	4.268429	7.61779459259859	2.44602840740141	63.43361	4.84317579593382	3.70922941685252	17.8476721278532	73.5999226593605	1.30915
2023-03-03	18.1848645891078	18.1849549473001	9.11943785433774	2.08446510925428	15.8579075	16.795319	5.45089	4.353087	7.5406986430319	2.42837535696808	63.43163	4.85639444170361	3.68852639754807	17.9439379350367	73.5111412257117	1.28817
2023-03-10	18.053579429143	17.8684165744551	9.05179304251774	2.0339909538841	15.66926	17.182783	5.7654	4.210144	7.75441611557084	2.41021688442916	62.67704	4.78455792422928	3.66660250530849	17.9128922474632	73.6359473229991	1.29372
2023-03-17	18.949859127747	17.6453111909381	9.03787125875846	2.0072284225564	15.88009	16.497091	5.66336	4.279647	7.82947809649237	2.21006390350765	63.52036	4.69981851351864	3.61821871135441	17.8255032673744	73.8564595077525	1.32603
2023-03-24	19.0333947874849	17.5739578169816	8.9981974606008	1.95501743493267	15.8535225	16.591612	5.64676	4.328156	7.78922861309277	2.23015338690724	63.41409	4.69640823899488	3.63132597880494	17.865278331628	73.8069874505722	1.32594
2023-03-31	19.0345844972751	17.623770913244	9.00242682170669	1.98254776777417	15.88111	16.829175	5.49392	4.269068	7.59899561646366	2.28440138353633	63.52444	4.73679547408462	3.64445105254956	17.9659885444575	73.6527649289083	1.30364
2023-04-07	18.9071500529245	17.6852642584561	9.0040856564754	1.97231753214403	15.8562725	16.988667	5.44829	4.238875	7.5426757915464	2.35640220845361	63.42509	4.69443429384845	3.62962081132975	17.974887631055	73.7010572637667	1.29598
2023-04-14	18.8364494576994	17.6779670934709	8.95878350828821	1.92783494054147	15.800345	17.188364	5.45938	4.177365	7.58101004028845	2.39250095971155	63.20138	4.77526379790714	3.6709402899126	17.9766242702579	73.5771716419223	1.34214
2023-04-21	18.846528749275	17.7221592545735	8.95128469230057	1.9621298038509	15.8273675	17.259978	5.4784	4.097226	7.52105683781647	2.33386916218354	63.30947	4.76796646041983	3.65445513106263	17.9825871163319	73.5949912921856	1.30484
2023-04-28	19.0774199144424	17.6492774571031	8.93269245312509	1.97518017532943	15.87819	17.209192	5.44616	4.03593	7.47283361783351	2.32312438216647	63.51276	4.75093271788018	3.65188162674624	17.9910754101992	73.6061102451744	1.2755
2023-05-05	19.2012363242225	17.4685775442208	8.83468485913125	1.97725877242546	15.8272525	17.177652	5.57213	4.066574	7.66841852557048	2.20621547442952	63.30901	4.69375385967925	3.65666934288787	17.9190032605197	73.7305735369132	1.28986
2023-05-12	19.4449477538816	17.3870981206146	8.79211376503217	1.95981536047166	15.861325	17.044532	5.6393	3.991924	7.71381259195446	2.16513140804553	63.4453	4.68915719156965	3.65848928782761	17.9259971233453	73.7263563972575	1.27234
2023-05-19	19.8204866260008	17.3425276852006	8.75864543977698	1.88015274902171	15.9339375	16.860065	5.64219	3.913347	7.701993723677	2.146654276323	63.73575	4.73002370338055	3.6663678071715	17.9136581067895	73.6899503826585	1.31151
2023-05-26	20.3461537094739	17.2627963830643	8.70287271927527	1.84630718818655	16.05271	16.558316	5.55862	3.795906	7.76238379750794	2.11393420249204	64.21084	4.73344187668943	3.66828709342104	17.94881009654	73.6494609333496	1.33528
2023-06-02	19.7144452759848	17.6496734366491	9.03765924409808	1.874567043268	16.092115	16.263091	5.5758	3.870776	7.84014020140397	2.08173279859602	64.36846	4.65389282553443	3.64645632416618	18.0743125992627	73.6253382510367	1.36949
2023-06-09	19.5560386871365	17.6965338098089	9.03882727195452	1.87813773110009	16.0565125	16.130533	5.67179	3.916126	7.9455742173328	2.10992678266719	64.22605	4.68174338957828	3.66701350520306	18.0527223875153	73.5985207177034	1.39346
2023-06-16	19.6957409804704	17.57301829777	9.00557856155722	1.8526296602024	16.0423225	16.201422	5.6363	3.972548	7.97795033696257	2.04248966303742	64.16929	4.71123582052896	3.69584113738559	18.0783184771526	73.5146045649328	1.37117
2023-06-23	20.0177907705662	17.631612323628	9.025498942859	1.7978004629468	16.1575675	16.037873	5.56897	3.80317	7.9580678511415	2.00164914885851	64.63027	4.67195050879646	3.69641827997792	18.0916964427496	73.5399347684761	1.33913
2023-06-30	20.0599989862695	17.7482049733799	9.053457595019	1.84244594533152	16.2347025	16.072992	5.4936	3.725198	7.72241809394904	2.04698190605095	64.93881	4.68103920830241	3.67958029718312	18.1556265660351	73.4837539284794	1.29602
2023-07-07	20.1136397212211	17.7236186194876	9.01740835082327	1.93705580846804	16.2639075	15.845982	5.5719	3.708287	7.76049342777419	2.05770757222581	65.05563	4.71857705941954	3.69807089979525	18.1434154655231	73.4399365752621	1.3059
2023-07-14	20.0857497167722	17.5059226489689	8.88927357496	1.93838655929889	16.1397775	16.196512	5.4981	3.799844	7.92837364158551	2.0180603584145	64.55911	4.74019193072522	3.7348490987792	18.1484550160098	73.3765039544858	1.36075
2023-07-21	19.8667953912167	17.8244812212302	9.05122537614871	1.94120551140434	16.2279025	16.135168	5.40997	3.70091	7.76681778187004	2.07552421812998	64.91161	4.72521309420479	3.73016952884046	18.1668886552611	73.3777287216936	1.33019
2023-07-28	19.9759324434833	17.7060020514288	9.03213440361163	1.88475360147626	16.1996075	16.015809	5.46934	3.881585	7.74551514798364	2.08932085201636	64.79843	4.74754876324204	3.74909769544461	18.1900922912763	73.313261250037	1.32923
2023-08-04	19.8524534582634	17.7923711721229	9.0842596553827	1.88788821423093	16.2056575	15.972682	5.50212	3.912033	7.62441848327352	2.16611651672649	64.82263	4.71932866415894	3.70164783276146	18.1499694321012	73.4290540709784	1.30993
2023-08-11	19.7236943524152	17.9131382543902	9.18761319811603	1.90891919507852	16.244455	16.004672	5.47894	3.800419	7.48266753763845	2.25548146236158	64.97782	4.7504957271957	3.72394302554068	18.1389256405731	73.3866356066905	1.28829
2023-08-18	19.8124404806186	17.9891603254685	9.24437270330425	1.88696649060865	16.31098	15.918522	5.44116	3.68511	7.44433915158956	2.26694884841045	65.24392	4.73437090994782	3.68828553699275	18.1221787322538	73.4551648208056	1.26986
2023-08-25	20.0909220648118	17.894226584818	9.18286979338681	1.88444905698336	16.3508225	15.798841	5.42369	3.650474	7.50632287856454	2.21738212143547	65.40329	4.72547997101529	3.68662471440464	18.167230504716	73.420664809864	1.28577
2023-09-01	20.3955784477595	17.7549308039164	9.08462266759606	1.86728558072804	16.3674725	15.602815	5.49714	3.735014	7.4640646449211	2.2310763550789	65.46989	4.69698399687965	3.6813872593735	18.2091525748767	73.4124761688702	1.32989
2023-09-08	20.3613378951306	17.7719972051329	9.0961232314115	1.87064916832498	16.3667025	15.579454	5.53455	3.736939	7.39341249210214	2.28883450789786	65.46681	4.6992093706081	3.67338279316148	18.2155044315441	73.4119034046863	1.32114
2023-09-15	20.1237801547315	17.7563123611621	9.08351456612854	1.87799041797787	16.2805325	15.683624	5.67439	3.70701	7.51710233585439	2.29574366414562	65.12213	4.72038360783292	3.67638301741709	18.2098875767986	73.3933457979514	1.35014
2023-09-22	19.9107073541345	17.815615390788	9.12434955851636	1.83199269656115	16.227555	15.806161	5.68323	3.777626	7.51143009156257	2.31133290843744	64.91022	4.71875536094944	3.67238511381206	18.2380578873114	73.3708016379271	1.32542
2023-09-29	20.0957642319859	17.8108428303353	9.11776532529533	1.8122001123835	16.2788575	15.74382	5.54658	3.76294	7.50870702998541	2.32252297001458	65.11543	4.73659791519956	3.66899996764913	18.2205781637681	73.3738239533832	1.30116
2023-10-06	20.6765003992427	17.7097897185844	9.017655914548	1.7782864676249	16.3940775	15.565364	5.42509	3.725816	7.47222540698683	2.23519459301317	65.57631	4.72630580976289	3.63288293117795	18.1870942712963	73.4537169877629	1.27475
2023-10-13	20.5482961180364	17.7100732595751	9.00676067417428	1.80655994821423	16.35723	15.568386	5.50693	3.742207	7.42510657271368	2.32845042728632	65.42892	4.7051503583107	3.63018573004705	18.2275215699294	73.4371423417129	1.29658
2023-10-20	20.4081361619655	17.7735547667203	9.12094046397643	1.77266610733775	16.3584325	15.560043	5.50696	3.673084	7.4197711601705	2.40641183982949	65.43373	4.7424431160384	3.6585076548037	18.1799484731388	73.4191007560191	1.29611
2023-10-27	20.209479880995	17.709074106174	9.0494252386812	1.79636077414979	16.25478	15.702246	5.61237	3.829512	7.51640827003258	2.32034372996742	65.01912	4.72558063945251	3.65300611983754	18.1919101804472	73.4295030602627	1.27455
2023-11-03	20.4736104667479	17.7446289110907	9.02367678409031	1.83776133807111	16.3598925	15.622121	5.51781	3.688679	7.49555297238279	2.23626702761721	65.43957	4.69773675670326	3.64047880368769	18.0932530259393	73.5685314136698	1.28179
2023-11-10	21.0758129199949	17.5925274705615	8.93998951403337	1.77521009541023	16.46118	15.414282	5.45245	3.609682	7.55646470635383	2.12240129364617	65.84472	4.69439201426142	3.63377087981697	18.1301189448816	73.54171816104	1.30006
2023-11-17	20.9045158630108	17.5110999452261	8.88875283098031	1.81264386078281	16.3723375	15.696101	5.51265	3.567004	7.64189592370043	2.09299907629958	65.48935	4.69022289703665	3.64728184257034	18.1734773377742	73.4890179226188	1.3161
2023-11-24	20.9496795991078	17.5026119494605	8.87930805133977	1.81339540009194	16.381665	15.771949	5.4579	3.570553	7.5942260937847	2.07871190621529	65.52666	4.71837383729736	3.6800737588416	18.2057527778512	73.3957996260098	1.29941
2023-12-01	19.4821061111999	19.0162488808522	8.83310727391959	1.88717523402828	16.4062125	15.678563	5.4202	3.457614	7.76680639549082	2.05196660450919	65.62485	4.55571588459091	3.58329836301948	18.3896384949933	73.4713472573963	1.30508
2023-12-08	19.6046808521703	18.9556021624417	8.80570154322625	1.87301544216175	16.413	15.764238	5.38838	3.338157	7.87746512884336	1.97975987115664	65.652	4.55547498504329	3.60245991882621	18.4006617630182	73.4414033331123	1.30981
2023-12-15	19.3812791424988	19.0584545263435	8.86737773543966	1.92461359571801	16.410575	15.710615	5.38116	3.332491	7.958124918627	1.97530908137299	65.6423	4.54894174842829	3.61242903142034	18.4623021846548	73.3763270354966	1.31657
2023-12-22	19.4719412820714	19.0718641770498	8.8596050711645	1.91578696971424	16.4397325	15.7752256	5.32734	3.191877	7.95382353978429	1.99280386021569	65.75893	4.57913979551605	3.63403077491439	18.4095152420304	73.3773141875391	1.31967
2023-12-29	19.3170456093371	19.0174878358085	8.82605058131051	1.92063097354382	16.360405	15.748969	5.40054	3.310616	8.13808248706828	1.96017251293172	65.44162	4.5819304028768	3.63483007206181	18.4250504753307	73.3581890497307	1.36097
2024-01-05	18.9911318396712	19.2334221884949	8.92324940388797	1.91560656794592	16.35447	15.829325	5.42902	3.267639	8.04274848290608	2.01338751709393	65.41788	4.59175791848247	3.6038670240585	18.3601345338054	73.4442405236536	1.31663
2024-01-12	19.5210513656448	19.0237752274812	8.85110333720735	1.89262256966659	16.4295175	15.615012	5.59284	3.167557	7.97570472407645	1.93081627592357	65.71807	4.593446152707	3.60147234543172	18.4046762636855	73.4004052381758	1.26278
2024-01-19	20.0376129376813	19.0785240626366	8.90641052740398	1.8311374722782	16.617895	15.275379	5.51109	2.990451	7.90216029772032	1.8493397022797	66.47158	4.61377228538721	3.60565307329196	18.4206157497633	73.3599588915575	1.22013
2024-01-26	19.9906933576527	19.0368292263836	8.88392577622934	1.8124491397344	16.5746325	15.517417	5.40257	3.055121	7.80326648644181	1.9230955135582	66.29853	4.63228185595681	3.6100774109713	18.4345030367093	73.3231376963626	1.20934
2024-02-02	20.2840231815588	19.0286256706617	8.83388457947193	1.78059906830757	16.6423775	15.294264	5.43622	2.913702	7.90940213810584	1.87690186189417	66.56951	4.58387893035833	3.60330918251432	18.3851721715044	73.4276397156229	1.27797
2024-02-09	20.663101879787	18.9226217748162	8.7652956284445	1.75631571695229	16.702445	15.141134	5.40391	2.961931	7.83745766511512	1.84578733488491	66.80978	4.62175058518045	3.61741359723745	18.3720529981418	73.3887828194404	1.26504
2024-02-16	20.3124777882425	18.9554364760175	8.74926877201208	1.76041446372791	16.5925325	15.279978	5.50925	3.058142	7.88917512426078	1.89332487573924	66.37013	4.63707764552752	3.6373089098658	18.3776634603581	73.3479499842485	1.26312
2024-02-23	20.3311931258359	18.9576452500003	8.77102269810998	1.75258892605382	16.60415	15.304704	5.49197	3.088711	7.82638669308113	1.87162830691887	66.4166	4.64795259142592	3.64826299621275	18.397122426705	73.3066619856564	1.25859
2024-03-01	20.3759023732065	18.9488859105792	8.77275976253321	1.78861195368105	16.62872	15.205528	5.57905	3.006898	7.82258654627374	1.87105745372626	66.51488	4.59925074060875	3.67129080141826	18.4457878937598	73.2836705642132	1.24622
2024-03-08	20.0096204565215	18.9467430160316	8.75007775538842	1.81841377205848	16.508285	15.474703	5.69021	2.941958	7.96448586868506	1.89550313131493	66.03314	4.59857970533552	3.6835135227229	18.452387186638	73.2655195853036	1.27145
2024-03-15	20.085496461033	19.0322218075957	8.78507763806821	1.76421409330305	16.55567	15.491502	5.50405	3.041638	7.76936476172791	1.97076523827209	66.22268	4.6356647731826	3.70056509744983	18.4762818919841	73.1874882373835	1.25997
2024-03-22	20.2921883613576	19.0651208877048	8.79598298881365	1.71821276212396	16.623835	15.261974	5.63599	2.939155	7.70758019894641	1.95996080105359	66.49534	4.61507784035174	3.70576143047279	18.4894138503453	73.1897468788301	1.28183
2024-03-29	20.0461962777931	19.2791489951142	8.85809826326502	1.74750646382767	16.64365	15.28033	5.52219	2.92638	7.70180230891029	1.99469769108972	66.5746	4.61277495842754	3.70389954989148	18.4922025198477	73.1911229718333	1.27874
2024-04-05	20.2029220570172	19.1926938794723	8.81957156538511	1.71223749812544	16.642475	15.259484	5.42614	2.971277	7.68095950717254	2.09223949282747	66.5699	4.60627889201148	3.7154487106891	18.5196574867983	73.1586149105011	1.26817
2024-04-12	20.4363971801084	18.9474919341363	8.74256206047724	1.68648632527804	16.6043125	15.179198	5.56222	2.998938	7.75711792105131	2.08527607894871	66.41725	4.59785224789225	3.70129475353557	18.5307701156602	73.170082882912	1.25097
2024-04-19	19.8107476843617	19.3497832983415	8.91872462893283	1.68128688836395	16.5868475	15.506982	5.38441	3.019708	7.61374921733404	2.12776078266598	66.34739	4.60474222009867	3.70312277245316	18.5163176708793	73.1758173365688	1.22796
2024-04-26	20.1500959047668	19.1852635650144	8.82513409467697	1.66068643554184	16.60706	15.409223	5.27495	3.191351	7.61053306728662	2.08570293271338	66.42824	4.63084287059336	3.7071555310983	18.524096830255	73.1379047680533	1.23047
2024-05-03	20.2312569167811	19.0068930408232	8.73112124043211	1.67523880196359	16.54817	15.305438	5.47124	3.302291	7.72387328152881	2.00447771847121	66.19268	4.58329834599641	3.65957575092742	18.4237697936599	73.3333561094163	1.23551
2024-05-10	20.1635563759206	19.0694906057964	8.79483740796979	1.67896561031329	16.56895	15.504016	5.26057	3.318948	7.65120525518367	1.98946074481631	66.2758	4.58557791447606	3.67081164662097	18.4143709787308	73.3292394601722	1.23181
2024-05-17	20.2059437583533	19.0017130275959	8.75534200784769	1.69570870620318	16.5529025	15.462981	5.2484	3.392435	7.7113321681795	1.97324183182048	66.21161	4.58848431401888	3.68147019833682	18.4239622466828	73.3060832409615	1.2166
2024-05-24	20.6634891877692	18.8764740335222	8.65830304721827	1.63252123149039	16.6102625	15.428472	5.21716	3.237968	7.77543576604004	1.89991423395997	66.44105	4.59161847299789	3.67095685025523	18.4317571620521	73.3056675146948	1.18874
2024-05-31	20.5369168340207	18.979787978745	8.71647760191164	1.67111258532266	16.634765	15.491967	5.29998	3.161749	7.5572509959753	1.94999300402469	66.53906	4.62072886870509	3.68834203865445	18.4226482394994	73.2682808531411	1.1575
2024-06-07	20.8515015334243	18.9800421302117	8.47450628800535	1.65410504835869	16.653385	15.37266	5.17809	3.140705	7.83646365824972	1.85854134175029	66.61354	4.6179907426818	3.67836513925717	18.4130601729038	73.2905839451572	1.22654
2024-06-14	21.4887137813606	18.8917419457317	8.45043191701764	1.64820735589003	16.826365	14.785879	5.1113	3.077075	7.9295257764595	1.79076022354052	67.30546	4.56204488189276	3.64427127060723	18.415293408356	73.3783904391441	1.22666
2024-06-21	21.4188467793885	18.9704085438762	8.49731730061989	1.63479237611538	16.840455	14.816418	4.97757	3.041112	7.98952883517801	1.813551164822	67.36182	4.57976866175649	3.65080316027126	18.3909365953744	73.3784915825978	1.22531
2024-06-28	21.5003783954825	18.8991300693075	8.45200109537269	1.64637293983731	16.8326275	14.745033	5.09771	2.971464	7.99327427094017	1.86200872905985	67.33051	4.60965054989536	3.66682924258135	18.3821113822021	73.3414088253212	1.24405
2024-07-05	21.9946307124938	18.58979393898	8.30198789224545	1.60908495628078	16.8318325	14.728795	5.15647	2.925225	8.05834950447249	1.80383049552751	67.32733	4.57608804402165	3.66807768330199	18.3787932278207	73.3770410448556	1.26564
2024-07-12	21.5379289492592	18.7530560554972	8.35604727822776	1.66425771701577	16.77043	14.855656	5.1981	2.976939	8.09001481754988	1.79757018245012	67.08172	4.58140343000164	3.67834525880376	18.3760274772099	73.3642238339847	1.23462
2024-07-19	21.0016018833078	19.1502193062022	8.5534021826968	1.71944412779322	16.8082225	14.731731	5.24966	2.902448	8.01343766906403	1.86983333093596	67.23289	4.60122525756707	3.6766387916736	18.3644715124332	73.3576644383262	1.22768
2024-07-26	20.6051433743586	19.4650221839489	8.67330806816474	1.74198887352767	16.8284875	14.900863	5.09722	2.863322	7.94014087873311	1.88450412126688	67.31395	4.59941644026261	3.67673104590314	18.3493516090648	73.3745009047695	1.20526
2024-08-02	20.4042454949631	19.4449192315953	8.7219568721065	1.82911090133511	16.8000775	14.859597	5.11729	2.90448	8.06502557915655	1.85329742084344	67.20031	4.44866831943344	3.60274440968206	18.2491989154941	73.6993883553904	1.21476
2024-08-09	20.5055262710051	19.4076252631999	8.69948889349261	1.8266220723024	16.8130875	14.90571	5.00709	2.954555	8.00446990834212	1.87582509165787	67.25235	4.49042231864145	3.6271103165943	18.2425628584617	73.6399045063025	1.17384
2024-08-16	20.8616123445661	19.2555813992377	8.61292222617919	1.75861653001702	16.8295775	14.793722	5.17428	2.88862	8.00497978198655	1.82008821801345	67.31831	4.50037145585048	3.64052897562761	18.2946872558252	73.5644123126967	1.19681
2024-08-23	20.7505326431896	19.2563321639452	8.59499291249132	1.79450478037395	16.7987875	14.987399	5.19198	2.847577	7.9925036404155	1.7853903595845	67.19515	4.51348872944459	3.6536560492339	18.2984579940358	73.5343972272857	1.18618
2024-08-30	20.5269396651655	19.3994535769536	8.64800418750363	1.79861757037723	16.791005	15.002025	5.21442	2.84255	7.9777309812536	1.79925401874638	67.16402	4.53577506457572	3.66312974528782	18.2863989332267	73.5146962569097	1.16446
2024-09-06	20.0185164284226	19.4590589842169	8.66211601880204	1.89849356855854	16.679395	15.037613	5.24554	2.876448	8.34743803123593	1.77538096876407	66.71758	4.48136685881211	3.63329522270046	18.3787811441446	73.5065567743428	1.15245
2024-09-13	20.5975643671611	19.3867340907332	8.65371273240162	1.8870213097041	16.8416775	14.820626	5.10013	2.776452	8.19843745816199	1.737644541838	67.36671	4.4713259365646	3.63173343703791	18.3925303862829	73.5044102401146	1.11578
2024-09-20	20.6890557207493	19.4179061599018	8.64776189044954	1.83622622889935	16.86365	14.649479	5.04558	2.871283	8.2451639533342	1.7338940466658	67.4546	4.51330037634776	3.66290007792853	18.418964426408	73.4048351193157	1.10742
2024-09-27	20.4013936057014	19.2122221303712	8.55705108878811	1.81910567513928	16.6632575	14.825283	5.211	3.278134	8.32249909937604	1.71005390062397	66.65303	4.52777204207852	3.67286679639722	18.4192611964666	73.3800999650576	1.12555
2024-10-04	20.6088919275301	19.3858077432968	8.65734289897779	1.77995993019525	16.8106675	14.386877	4.94478	3.665553	7.92737961252595	1.83274038747404	67.24267	4.54729687574425	3.70654087859016	18.386657584792	73.3595046608736	1.08061
2024-10-11	20.7862515276546	19.4431396563359	8.69181006427514	1.75402625173437	16.8917425	14.372272	4.92683	3.389356	7.94061928289867	1.80395271710134	67.56697	4.55438519033831	3.70539564887757	18.3938335842886	73.3463855764956	1.06965
2024-10-18	20.8485638569158	19.5379897576714	8.70416695089841	1.79029943451447	16.96034	14.268852	4.85512	3.278773	8.01482520913396	1.74106979086603	67.84136	4.55899765217111	3.7070419027254	18.4019331652912	73.3320272798123	1.04541
2024-10-25	21.2178595047388	19.4071761953964	8.62258439543658	1.78081240442822	17.0094775	14.258488	4.72242	3.284718	7.94786949994462	1.74859450005538	68.03791	4.58261731092773	3.71733786607819	18.3784137633164	73.3216310596777	1.03398
2024-11-01	21.1348027300501	19.4737330708501	8.64724727057613	1.74860442852364	17.0014625	14.224407	4.79193	3.297192	7.94485728712115	1.73576371287888	68.00585	4.60152303375263	3.71025917342343	18.2825052458087	73.4057125470153	1.03447
2024-11-08	21.7019263043065	19.6206509030989	8.64926290705943	1.71467988553524	17.22884	13.507669	4.83462	3.246595	7.73281833603922	1.76293766396079	68.91536	4.5855912152264	3.703105803532	18.347687261835	73.3636157194066	1.00227
2024-11-15	21.6742085929799	19.7991691244923	8.70397925181491	1.71503803071294	17.297465	13.467009	4.81421	3.122781	7.59488407965365	1.81125592034636	69.18986	4.59089179863135	3.69521497887744	18.3122265411789	73.4016666813123	0.958498
2024-11-22	21.7614792484137	19.9634410748913	8.74207399820562	1.72778567848935	17.39826	13.277908	4.70839	3.02615	7.5678885925311	1.82662340746891	69.59304	4.58495737570906	3.68824152043841	18.3105353237292	73.4162657801234	0.977839
2024-11-29	21.2934732171754	20.3066546267329	8.83058873752715	1.74234341856453	17.39102	13.432557	4.72711	3.016536	7.51480352870658	1.74491347129343	69.56408	4.55334003496826	3.68013746526331	18.3341410428642	73.4323814569043	0.941036
2024-12-06	21.9989028560552	19.7607663815986	8.59124867826181	1.67810458408434	17.3430075	13.526004	4.76967	3.050176	7.63314594567481	1.6489740543252	69.37203	4.53954098836657	3.68071199460516	18.3361974785539	73.4435495384744	0.903398
2024-12-13	22.3370313191723	19.5512365789975	8.51848926021942	1.65100534161082	17.3525875	13.441064	4.72507	3.087121	7.71002756459774	1.62636743540225	69.41035	4.58292805214325	3.70280689128263	18.3298352078049	73.3844298487692	0.927535
2024-12-20	22.6573093066916	19.5088057962821	8.50345874841499	1.60487864861127	17.4248175	13.283593	4.6778	3.128929	7.64041443243945	1.56999356756055	69.69927	4.58030667457092	3.68640104558399	18.297443329929	73.4358489499161	0.900038
2024-12-27	22.6131068096597	19.441879522516	8.47428362912521	1.60096503869903	17.376745	13.33202	4.79256	3.142505	7.64642732920994	1.57950767079007	69.50698	4.59794676689202	3.69476488929804	18.300198411473	73.4070899323369	0.886412
2025-01-03	22.5881691063949	19.5183412409811	8.4928998214553	1.6176973311687	17.4057025	13.257393	4.78829	3.075367	7.61756846280987	1.63857153719012	69.62281	4.57177965270976	3.67616013104821	18.2010553380937	73.5510048781483	0.906295
2025-01-10	22.4635382542161	19.5070427532927	8.47933525042523	1.58278874206594	17.344235	13.522943	4.73716	2.992892	7.6829996472261	1.68706535277391	69.37694	4.59226161346969	3.68367542310015	18.1872848691757	73.5367780942544	0.953489
2025-01-17	22.3064184525089	19.7681918184361	8.5377403159922	1.61039691306276	17.4075825	13.561991	4.59731	3.008263	7.46153604658516	1.74056995341483	69.63033	4.58294275584539	3.67394399797611	18.2003827155247	73.5427305306538	0.932474
2025-01-24	22.3896280833578	19.6238024816838	8.45512913615694	1.60052779880145	17.3563625	13.736682	4.64798	3.025932	7.523088552183	1.640867447817	69.42545	4.6085588350061	3.69888969628416	18.2083303038096	73.4842211649002	0.936379
2025-01-31	22.033017171734	19.6878738961712	8.48998327141962	1.61036066067524	17.273745	13.882251	4.74774	3.068198	7.59241565075244	1.61441534924759	69.09498	4.53843167221111	3.69187096411943	18.1400633589229	73.6296340047465	0.91769
2025-02-07	22.0025806653984	19.6242177713537	8.43478960402853	1.63495945921935	17.2321825	13.902944	4.75836	3.193325	7.58415606722662	1.63248493277338	68.92873	4.52574364777802	3.69003909890839	18.1401332418695	73.6440840114441	0.922134
2025-02-14	22.1206731312031	19.4434842301971	8.39160021435982	1.61410742423995	17.189955	14.13315	4.69517	3.358797	7.42785511944203	1.62520788055797	68.75982	4.54433501384192	3.70546728857319	18.1519790800014	73.5982186175835	0.93194
2025-02-21	21.5517073914763	19.4503207772947	8.54096626814442	1.65128556308464	17.06476	14.25731	4.79556	3.519392	7.49563483681827	1.67306316318175	68.25904	4.52798068427272	3.68964009460342	18.1513383049078	73.6310409162161	0.975399
2025-02-28	21.1361827857849	19.8086142195795	8.6959177248902	1.7072102697454	17.115975	14.472257	4.71454	3.434476	7.3043384720932	1.6104885279068	68.4639	4.5409190369373	3.70685554292549	18.1079558950304	73.6442695251068	0.917493
2025-03-07	20.4239407517754	19.5178710930329	8.70370130560865	1.74869684958301	16.79807	15.114088	4.87394	3.716259	7.43965643931024	1.66377656068975	67.19228	4.58783311278963	3.7509731169798	18.0795394748405	73.5816542953901	0.934282
2025-03-14	20.3371013341371	19.4871645149121	8.61782638060998	1.74316027034077	16.7284175	15.219719	4.94219	3.773749	7.40424972790336	1.74642227209666	66.91367	4.5686430880985	3.74565934405784	18.0550789393163	73.6306186285274	0.953438
2025-03-21	20.3095650842345	19.5097642481196	8.58828089489516	1.7338647727507	16.713825	15.111242	5.06223	3.697788	7.48120984672133	1.79223015327866	66.8553	4.56082299363144	3.73425265611697	18.0746925247769	73.6302318254746	0.983914
2025-03-28	19.9583073259898	19.6715358609183	8.69108141608467	1.76877789700726	16.6965675	15.128853	5.0029	3.714113	7.53308826605002	1.83477573394999	66.78627	4.55035356536216	3.72860785020583	18.0591631921831	73.661875392249	0.963046
2025-04-04	19.3909017708328	19.5699030435714	8.69812583784564	1.83011184775008	16.4963475	15.278277	5.03252	3.920868	8.04693086197037	1.73601413802962	65.98539	4.39918048610094	3.64698811634759	18.0586952672675	73.8951361302839	1.02153
2025-04-11	20.5237107497634	19.6709467557325	8.61030916400882	1.72559333049537	16.84352	14.934168	4.88055	3.483478	7.68625785939733	1.64146614060264	67.37408	4.49614076094147	3.68936374964282	18.0101834084692	73.8043120809466	0.958055
2025-04-18	19.8120044268882	19.4960477852405	8.60259138706847	1.81782890080278	16.5761575	15.487241	5.09843	3.537668	7.85294182691221	1.7190891730878	66.30463	4.51060429531318	3.71413605606451	18.0536362011251	73.7216234474972	0.991208
2025-04-25	20.6393626682481	19.2189190715925	8.43852119712145	1.73897456303799	16.6785925	15.337467	4.99578	3.517934	7.77402923023804	1.66041976976196	66.71437	4.52858138911294	3.72900359018227	18.090666695014	73.6517483256908	0.96304
2025-05-02	20.7828061331119	19.1205162563668	8.34370548439689	1.74839962612444	16.6651425	15.347546	4.97683	3.50338	7.93784350448857	1.5738304955114	66.66057	4.46845237571312	3.71290038282736	18.0340738268342	73.7845734146253	0.957464
2025-05-09	20.7418824621556	19.1293856515143	8.32432400872003	1.74085537761007	16.6454825	15.286378	5.03504	3.543841	7.93661030034187	1.61620069965813	66.58193	4.47915652641065	3.71320473551235	18.0485686907857	73.7590700472913	0.968548
2025-05-16	21.5411466542349	19.0399823499564	8.29455968090897	1.66644381489979	16.8473775	14.858344	4.81892	3.476614	7.87565225930142	1.58095974069857	67.38951	4.50960846119703	3.73255674896407	18.0922802384899	73.665554551349	0.957868
2025-05-23	21.2915998628718	18.8187746240862	8.23673528349208	1.65530772954983	16.6674725	15.21155	4.99039	3.543329	8.0323234429573	1.55251755704271	66.66989	4.52706066110673	3.75871690016927	18.0801378462648	73.6340845924592	0.965788
2025-05-30	21.5652755140997	18.8153331541408	8.23114667471195	1.66745715704751	16.7597375	15.118176	4.99241	3.415422	7.91616687170782	1.51887512829216	67.03895	4.51589519114517	3.74808548077459	18.1129558186453	73.623063509435	0.987932
2025-06-06	21.271536624861	19.2600422191804	8.02131268458582	1.65114847137283	16.73468	15.171973	4.84898	3.470002	8.05967564803201	1.51064935196799	66.93872	4.57742757665583	3.77825852232729	18.2135030221746	73.4308108788423	1.0432
2025-06-13	21.1226326502573	19.2830578527437	8.06379979586191	1.65555970113718	16.70835	15.169043	4.8614	3.496815	8.03946317345633	1.59987882654367	66.8334	4.56770439829562	3.78637619414688	18.211767577075	73.4341518304825	1.0646
2025-07-04	21.5644265007149	19.4165725405668	8.01057380898967	1.58128714972864	16.85762	14.757778	4.76945	3.371141	8.15344375447892	1.51770724552108	67.43048	4.55613905878762	3.8250308105042	18.1593444772756	73.4594856534326	1.09964
2025-07-11	21.6269505907373	19.3407910176368	7.99288035781899	1.57892303380692	16.846515	14.867337	4.66991	3.41154	8.10545970545033	1.55969329454966	67.38606	4.56318503800839	3.82217064126578	18.1315032264647	73.4831410942612	1.12934
2025-07-18	21.9372873595308	19.1800320999495	7.90428869797283	1.57798934254684	16.8665325	14.702157	4.62623	3.505581	8.20237334693213	1.49752865306788	67.46613	4.56226965447915	3.81543415156581	18.1526846716381	73.469611522317	1.12197
2025-07-25	21.8836220361006	19.1893496884271	7.91908768163597	1.58805309383626	16.8600375	14.675781	4.7934	3.550152	8.04750114350594	1.49301585649407	67.44015	4.56754248397985	3.82867019371344	18.1693174339511	73.4344698883556	1.11793
2025-08-01	21.9726300929453	19.209380994881	7.91665041988015	1.57466849229358	16.89111	14.450592	4.87976	3.525957	8.07195130477834	1.50729969522164	67.56444	4.5768421394512	3.81165119317968	18.0783936058325	73.5331130615366	1.10542
2025-08-08	22.2154798148504	19.0276734274312	7.86803130771493	1.53546045000341	16.882215	14.51957	4.89209	3.509658	8.0943383552098	1.45548364479019	67.52886	4.60677943479215	3.84361666664863	18.0766289986594	73.4729748998998	1.12169
2025-08-15	22.0401962296751	19.0160603511862	7.87237179432628	1.52510912481244	16.8179125	14.602633	5.02561	3.564142	8.08705525325471	1.44890974674527	67.27165	4.62387293898859	3.86355083408298	18.0997534298715	73.4128227970569	1.12554
2025-08-22	21.7294740618258	19.168302395097	7.98657385387369	1.55577468920349	16.813375	14.759761	4.97705	3.600328	7.92383071879602	1.48553028120397	67.2535	4.61418669139579	3.85332076239846	18.0938931280311	73.4385994181746	1.09115
2025-06-20	21.2038224436795	19.3733564697202	8.04121717615481	1.65188391044548	16.75676	14.957349	4.84367	3.461363	8.09228767004294	1.61829032995705	67.02704	4.56340383262414	3.77695285750803	18.2137460862902	73.4458972235776	1.12147
2025-06-27	21.5250136971559	19.2744040901461	7.93072749576664	1.58448221693136	16.7715425	14.925185	4.84571	3.44866	8.1808456397768	1.51342936022319	67.08617	4.57730873941347	3.79468425237121	18.2080439585748	73.4199630496406	1.1126
2025-08-29	21.995265457744	19.1483564478884	7.95608313763702	1.55812995673058	16.885945	14.455028	4.93209	3.624411	7.92328711968511	1.52140388031489	67.54378	4.62216285581861	3.85064061475249	18.0655976641771	73.4615988652518	1.10651
2025-09-05	22.142009491776	19.0365154503895	7.89434837622426	1.54918668161024	16.87402	14.419993	4.94356	3.663549	8.01348412879013	1.46333387120986	67.49608	4.59046831542793	3.85182644697531	18.137846731639	73.4198585059577	1.11035
2025-09-12	22.2804922971429	18.9375082507656	7.79971001809636	1.52892943399512	16.84888	14.301206	4.93482	3.752387	8.15446702381963	1.46159997618038	67.39552	4.58456307793578	3.85324007554529	18.1593046224603	73.4028922240586	1.17195
2025-09-19	22.548059206193	18.9416488811961	7.74540160726899	1.48731530534194	16.907475	14.191013	4.86358	3.738035	8.13605595252407	1.44141604747595	67.6299	4.60558675218869	3.85270019709593	18.1671249164904	73.374588134225	1.18337
2025-09-26	22.4684839401634	18.9900049838653	7.80728472757806	1.50300134839322	16.922925	14.195863	4.88515	3.719337	7.99487386070249	1.51307613929752	67.6917	4.60225449238429	3.86463179772927	18.1485695826657	73.3845441272208	1.16487
2025-10-09	22.6931817184258	18.7348511266962	7.70183911241703	1.453278042461	16.86105	14.244595	4.8406	3.774707	8.26997329930036	1.42592470069962	67.4442	4.55415455293468	3.8430243237916	18.113353352959	73.4894677703147	1.22416
2025-10-10	22.3760120442168	18.7325046364618	7.72538150299454	1.47811931632694	16.7706725	14.376606	4.87761	3.76903	8.46853945801106	1.42552454198894	67.08269	4.52068826545268	3.82298489681967	18.1058377445265	73.5504890932012	1.27101
2025-10-17	22.4720912415344	18.8107159432993	7.73597600604692	1.50150930911942	16.8400975	14.375986	4.83777	3.581847	8.43079995381935	1.41320704618065	67.36039	4.52619893939143	3.82786283285941	18.1143319611776	73.5316062665715	1.30632
2025-10-24	22.6389218714301	18.7785767621362	7.67375966951756	1.4933616969162	16.86154	14.288651	4.82579	3.652946	8.3682965813208	1.41815641867918	67.44616	4.53202890952524	3.83341434548523	18.1310325031339	73.5035242418556	1.33106
2025-10-31	23.2846394886428	18.4233131923562	7.56901424327607	1.42657307572495	16.90118	14.032113	4.89156	3.591599	8.4735169062209	1.40649109377909	67.60472	4.55624416732573	3.88989601467561	18.0181861727171	73.5356736452815	1.41568
2025-11-07	22.8838587724615	18.6013566253644	7.63957061750476	1.46368148466935	16.8628225	14.113763	4.93072	3.670549	8.3834695151393	1.45020848486071	67.45129	4.54674863712081	3.88280711572302	17.9958705402573	73.5745737068988	1.34966
2025-11-14	22.7429625520146	18.5261957233968	7.68747904761291	1.45078767697566	16.802475	14.354114	4.96154	3.680318	8.30764808660386	1.48647991339614	67.2099	4.56094720691284	3.89693769624201	17.9889412578677	73.5531738389775	1.35346
2025-11-21	22.6310143111892	18.7315487162619	7.82726440051246	1.47980507203647	16.8898775	14.251734	4.90262	3.567349	8.24934870641255	1.46943829358744	67.55951	4.53313458922631	3.87215813523097	17.9919978972736	73.6027093782691	1.31213
2025-11-28	20.6759190864	20.6447297238565	7.98624631863043	1.44396987111316	16.916955	14.210768	4.88106	3.553627	8.26641514700605	1.42030985299393	67.66782	4.54808339495379	3.88080009073841	18.0245897307962	73.5465267835116	1.31176
2025-12-05	20.6721398757625	20.6512682033364	7.91706610381282	1.41692581708826	16.8858	14.239636	4.87274	3.565067	8.34613803426823	1.43321896573177	67.5432	4.60137823361848	3.9192434902075	18.2107688042714	73.2686094719026	1.36921
2025-12-12	20.2911226721438	20.7283692770209	8.00790887507488	1.4139691757605	16.81379	14.363949	4.95172	3.55183	8.44517097534536	1.43217002465464	67.25516	4.61295599210801	3.93088636310858	18.1939461697162	73.2622114750672	1.38604
2025-12-19	20.5022591701292	20.6715262871596	7.95950575204485	1.3926937906664	16.841995	14.561392	4.82375	3.509624	8.34653521244634	1.39071878755365	67.36798	4.60689250670008	3.92980247750441	18.1898914644311	73.2734135513644	1.33818
2025-12-26	20.5446482663618	20.6504544896652	7.92024727146766	1.39406747250528	16.8364725	14.464329	4.84862	3.47741	8.47717935098605	1.38657164901396	67.34589	4.61129346939468	3.93252680934639	18.1980156323996	73.2581640888593	1.41002
2026-01-02	20.2300119190893	20.6252342098061	7.91006431866614	1.39951205243844	16.7216075	14.653839	4.83488	3.545012	8.63297108740478	1.44686791259521	66.88643	4.61303806288074	3.9492439245696	18.0852059302987	73.352512082251	1.50299
2026-01-09	20.0691606125703	20.7823338150446	7.93159838561226	1.38465468677288	16.7225825	14.623238	4.87208	3.509268	8.65062985798939	1.45445414201061	66.89033	4.60996734030822	3.93143721825674	18.0888604522715	73.3697349891636	1.57772
2026-01-16	19.7226755800269	20.6865782793366	7.98920947760414	1.44721916303244	16.6152275	14.635403	5.06082	3.538025	8.80808611317753	1.49675588682248	66.46091	4.61701166895323	3.93783030499357	18.1009600622361	73.3441979638171	1.63693
2026-01-23	19.5851882473051	20.6792848451797	8.02815013770973	1.41921426980548	16.5706125	14.691667	5.0134	3.523726	8.94017824906491	1.5485787509351	66.28245	4.63133642882122	3.95650320823613	18.1104658290971	73.3016945338455	1.69369
2026-01-30	19.2641317682992	20.7295030257731	8.04383547635136	1.4238147295763	16.487095	14.833905	5.02752	3.541398	9.04457734456426	1.60421965543573	65.94838	4.63934679078008	3.9765701453638	18.0905957212517	73.2934873426044	1.8174
2026-02-06	18.7346935252346	20.9794706765473	8.30880419894099	1.44506659927712	16.489345	14.896853	5.12547	3.415669	8.93000949319084	1.67461850680916	65.95738	4.57443033633616	3.94526650706448	18.0958604716314	73.384442684968	1.7274
2026-02-13	18.28727966	20.7784682	8.294683875	1.518755763	16.2930625	14.969708	5.42775	3.410109	9.283980616	1.736202384	65.17225	4.544067219	3.939539766	18.08967655	73.42671646	1.9154
2026-02-20	18.458758457363	20.7373584665681	8.2300398896271	1.50194568644175	16.3093675	15.064376	5.27588	3.354342	9.34965684078265	1.71827515921735	65.23747	4.55143324047525	3.94040762496799	18.0991468598447	73.4090122747121	2.0027
2026-02-27	18.1559594777094	20.6369148979783	8.25263024554074	1.52157787877151	16.1890275	15.121472	5.39227	3.334188	9.61220431607859	1.78375568392142	64.75611	4.52510935323719	3.92810000011193	18.0592286423462	73.4875620043047	2.18648
2026-03-06	18.9233810132215	20.7084691732259	8.27233694042135	1.47860287313127	16.46093	14.532783	5.24113	3.396299	9.18000883950469	1.80605916049531	65.84372	4.51942655658348	3.93313179177723	18.1802378527742	73.3672037988651	1.9697
2026-03-13	18.9533990671492	20.7377372779474	8.28954993054265	1.48135622436071	16.4873475	14.563272	5.15262	3.45327	9.00910996432096	1.87233803567905	65.94939	4.52230332225108	3.92839440864653	18.1159564749542	73.4333457941482	1.94577
2026-03-20	18.8534684116518	20.8193820933244	8.26716814786096	1.44748884716287	16.4625025	14.381874	5.22641	3.429742	9.14857716910081	1.96338683089919	65.85001	4.53132832623598	3.91991587532605	18.1475294594445	73.4012263389935	2.08796
2026-03-27	18.4718378544391	20.7914014020132	8.4470309330319	1.46530981051578	16.39186	14.620285	5.3033	3.439845	8.94050903270941	2.12862096729058	65.56744	4.51736523315824	3.90788859197327	18.135050245047	73.4396959298215	1.9644
2026-04-03	18.8053564057491	20.8376908474877	8.30046256394916	1.47131268281405	16.4716075	14.769586	5.17162	3.348716	8.87480088273791	1.9488471172621	65.88643	4.50059396293471	3.85001697592767	18.2087098919135	73.4406791692242	1.87991
2026-04-10	18.9352708261146	20.6311120956506	8.06513472783084	1.46372235040402	16.36508	14.839282	5.12083	3.320749	9.45198299077648	1.80683600922352	65.46032	4.54744079213829	3.90665225534707	18.207611946402	73.3382950061126	2.04019
